id,locus,dz,allele,position,refna,regna,aa,cons,contr,homo,hetero,status,cfrm_date
571,MT-CR,Protective factor for stroke risk (hg V),m.72T>C,72,T,C,noncoding,,1116/61168,nr,nr,Reported,
205,MT-CR,BD-associated,m.114C>T,114,C,T,noncoding,.,.,+,-,Reported,
355,MT-CR,Absence of Endometriosis,m.146T>C,146,T,C,noncoding,.,9093/46092,+,-,Reported,
166,MT-CR,Longevity / Cervical Carcinoma / HPV infection risk / PCOS patient,m.150C>T,150,C,T,noncoding,.,7704/59389,+,+,Conflicting reports,
206,MT-CR,BD-associated / melanoma pts,m.195T>C,195,T,C,noncoding,.,9986/51192,+,+,Reported,
218,MT-CR,AD-weakly associated,m.309_310insC,309,C,CC,noncoding,.,.,nr,nr,Reported,
294,MT-CR,Higher in melanoma patient group,m.309_310insCC,309,C,CCC,noncoding,.,.,nr,nr,Reported,
447,MT-CR,Possible protective factor for normal tension glaucoma,m.310T>C,310,T,C,noncoding,.,21106/51673,,,Reported,
295,MT-CR,Melanoma patients,m.315_316insC,315,C,CC,noncoding,.,.,nr,nr,Reported,
517,MT-CR,Patient with CPEO,m.351A>G,351,A,G,noncoding,.,0/51836,nr,nr,Reported,
354,MT-CR,Endometriosis / possible protective factor for high altitude sicknes,m.499G>A,499,G,A,noncoding,.,1869/51836,+,-,Reported,
363,MT-CR,Tubulointerstitial kidney disease,m.547A>T,547,A,T,noncoding,.,0/47412,+,-,Reported,
356,MT-CR,Absence of Endometriosis,m.573_574insCC,573,C,CCC,noncoding,.,.,+,-,Reported,
1,MT-ND1,MELAS / DEAF enhancer / hypertension / LVNC / putative LHON,m.3308T>C,3308,T,C,M1T,H,<0.01,-,+,Reported - possibly synergistic; hg L1b and A2i marker,
225,MT-ND1,Sudden Infant Death,m.3308T>G,3308,T,G,M1Term,.,.,+,+,Reported,
167,MT-ND1,Diabetes / HCM,m.3310C>T,3310,C,T,P2S,nr,<0.006,+,+,Reported,
2,MT-ND1,Diabetes / LHON / PEO / vascular dementia,m.3316G>A,3316,G,A,A4T,4.44%,519/51836 HFHG,+,-,Reported; hg D1 D2 M33 R30 marker,
324,MT-ND1,LHON,m.3335T>C,3335,T,C,I10T,H,32/32059,+,-,Reported,
357,MT-ND1,Carotid atherosclerosis risk,m.3336T>C,3336,T,C,I10I,82.22%,183/47412,-,+,Reported,
248,MT-ND1,Cardiomyopathy,m.3337G>A,3337,G,A,V11M,L,<5 / 2704,+,-,Reported - possibly synergistic,
185,MT-ND1,Encephaloneuromyopathy,m.3340C>T,3340,C,T,P12S,nd,<0.005,+,-,Reported,
550,MT-ND1,EXIT,m.3365T>C,3365,T,C,L20P,100.00%,0/56910,-,+,Reported,
130,MT-ND1,LHON MELAS overlap,m.3376G>A,3376,G,A,E24K,M,<0.001,+,+,Cfrm [VUS*],2022.08.11
220,MT-ND1,MELAS,m.3380G>A,3380,G,A,R25Q,H,<0.003,-,+,Reported [VUS],
312,MT-ND1,Materally Inherited Nonsyndromic Deafness,m.3388C>A,3388,C,A,L28M,H,<0.0005,nr,nr,Reported,
325,MT-ND1,LHON,m.3391G>A,3391,G,A,G29S,97.78%,53/54594,+,-,Reported,
3,MT-ND1,LHON / Diabetes / CPTdeficiency / high altitude adaptation,m.3394T>C,3394,T,C,Y30H,93.33%,670/54594 HFHG,+,-,Reported [VUS] -population dependent; hg M9 marker,
245,MT-ND1,LHON / HCM with hearing loss,m.3395A>G,3395,A,G,Y30C,H,17/37545,+,+,Reported,
252,MT-ND1,NSHL / MIDD,m.3396T>C,3396,T,C,Y30Y,93.33%,420/56910 HFHG,+,-,Reported / Unclear,
4,MT-ND1,ADPD / possibly LVNC-cardiomyopathy associated / resistance to high altitude pulmonary edema,m.3397A>G,3397,A,G,M31V,H,0.3-1.1,+,-,Reported,
195,MT-ND1,DMDF+HCM / GDM / possibly LVNC cardiomyopathy-associated,m.3398T>C,3398,T,C,M31T,H,<0.002,+,-,Reported,
196,MT-ND1,Gestational Diabetes (GDM),m.3399A>T,3399,A,T,M31I,H,<0.003,+,-,Reported,
259,MT-ND1,HCM / Muscle involvement,m.3407G>A,3407,G,A,R34H,100%,1/56910,+,-,Conflicting reports,
186,MT-ND1,AMegL,m.3418A>G,3418,A,G,N38D,H,nr,+,-,Reported,
172,MT-ND1,MIDD,m.3421G>A,3421,G,A,V39I,91.11%,<0.02,+,-,Reported,
559,MT-ND1,"Mitochondrial myopathy, EXIT",m.3437G>A,3437,G,A,G44E,100.00%,0/59389,-,+,Reported,
5,MT-ND1,LHON,m.3460G>A,3460,G,A,A52T,M,<0.2,+,+,Cfrm [P],2023.04.25
537,MT-ND1,LHON,m.3461C>T,3461,C,T,A52V,91.11%,0/51836,nr,nr,Reported,
287,MT-ND1,LHON,m.3472T>C,3472,T,C,F56L,95.56%,5/62256,+,+,Reported,
162,MT-ND1,MELAS / Progressive Encephalomyopathy,m.3481G>A,3481,G,A,E59K,H,.,-,+,Cfrm [LP],2023.09.26
595,MT-ND1,MELAS/LS overlap,m.3482A>G,3482,A,G,E59G,100%,0/61883,-,+,Reported,
326,MT-ND1,LHON,m.3488T>C,3488,T,C,L61P,M,1/32059,+,-,Reported,
6,MT-ND1,LHON,m.3496G>T,3496,G,T,A64S,+,<0.009,+,-,Reported / Secondary,
7,MT-ND1,LHON,m.3497C>T,3497,C,T,A64V,+,<0.019,+,-,Reported / Secondary,
527,MT-ND1,MELAS / MM w reversible COX deficiency,m.3502T>C,3502,T,C,S66P,93.30%,0/51836,-,+,Reported [VUS],Wong 2020 mRNA
507,MT-ND1,Possible LHON helper (one 14484 patient),m.3548T>C,3548,T,C,I81T,24.40%,30/51836,nr,nr,Reported,
327,MT-ND1,LHON,m.3551C>T,3551,C,T,A82V,H,0/32059,+,-,Reported,
457,MT-ND1,Resistance to high altitude pulmonary edema (HAPE) / matrilineal hypertension,m.3552T>A,3552,T,A,A82A,95.56%,1763/51673 HFHG,+,-,Reported; hg C marker,
528,MT-ND1,Mitochondrial myopathy with reversible cytochrome C oxidase deficiency,m.3571del,3571,C,:,frameshift,86.67%,0/51836,nr,nr,Cfrm [LP],2024.08.12
402,MT-ND1,Possible LHON helper mut / idiopathic epilepsy,m.3571C>T,3571,C,T,L89F,86.67%,122/50175,nr,nr,Reported,
328,MT-ND1,LHON,m.3632C>T,3632,C,T,S109F,97.78%,0/51836,+,-,Reported,
323,MT-ND1,LHON,m.3634A>G,3634,A,G,S110G,93.33%,0/56910,+,-,Reported,
8,MT-ND1,LHON,m.3635G>A,3635,G,A,S110N,93.33%,9/56910,+,-,Cfrm [LP],2022.08.23
212,MT-ND1,BD-associated,m.3644T>C,3644,T,C,V113A,100%,219/56910 HFHG,nr,nr,Reported,
381,MT-ND1,Peripheral neuropathy of T2 diabetes,m.3667T>G,3667,T,G,W121G,100%,1/48882,+,-,Reported,
544,MT-ND1,Leigh Syndrome,m.3685T>C,3685,T,C,Y127H,100%,0/54594,-,+,Reported [VUS],
189,MT-ND1,Leigh Syndrome,m.3688G>A,3688,G,A,A128T,93.33%,<0.0033,+,-,Cfrm [LP],2023.12.21
120,MT-ND1,MELAS / Leigh Syndrome / LDYT / BSN,m.3697G>A,3697,G,A,G131S,100%,0/54954,+,+,Cfrm [LP],2022.08.11
141,MT-ND1,LHON,m.3700G>A,3700,G,A,A132T,93.33%,3/54954,+,-,Cfrm [VUS*],2022.04.13
329,MT-ND1,LHON,m.3713T>C,3713,T,C,V136A,H,0/32059,+,-,Reported,
131,MT-ND1,LHON,m.3733G>A,3733,G,A,E143K,100%,2/54954,+,+,Cfrm [VUS*],2022.08.11
268,MT-ND1,LHON,m.3733G>C,3733,G,C,E143Q,H,<0.001,-,+,Reported,
579,MT-ND1,LHON,m.3734A>G,3734,A,G,E143G,100%,1/61134,+,-,Reported [VUS],
253,MT-ND1,LHON,m.3736G>A,3736,G,A,V144I,H,74/45494,nr,nr,Reported,
284,MT-ND1,LHON / high altitude variant,m.3745G>A,3745,G,A,A147T,88.89%,105/56406,+,+,Reported / Population-dependent,
417,MT-ND1,Deafness w relapsing/remitting neurological symptoms,m.3761C>A,3761,C,A,S152Term,91.11%,0/50175,-,+,Reported [VUS],
330,MT-ND1,LHON,m.3769C>G,3769,C,G,L155V,M,0/32059,+,-,Reported,
331,MT-ND1,LHON,m.3781T>C,3781,T,C,S159P,H,0/32059,+,-,Reported,
80,MT-ND1,Adult-Onset Dystonia,m.3796A>G,3796,A,G,T164A,+,<0.005,-,+,Reported,
177,MT-ND1,PEG,m.3833T>A,3833,T,A,L176Q,M,<0.006,+,-,Reported,
546,MT-ND1,SNHL + neurodevelopmental delay,m.3861A>C,3861,A,C,W185C,100.00%,0/56910,-,+,Reported,
249,MT-ND1,LHON + limb claudication,m.3866T>C,3866,T,C,I187T,86.67%,143/50175,nr,nr,Reported / possibly synergistic,
181,MT-ND1,Progressive Encephalomyopathy / Leigh Syndrome / Optic Atrophy,m.3890G>A,3890,G,A,R195Q,H,nr,-,+,Cfrm [LP],2022.08.11
339,MT-ND1,EXIT+myalgia / severe LA+cardiac / 3-MGA aciduria / nephropathy+deafness+diabetes,m.3902_3908inv,3902,ACCTTGC,GCAAGGT,DLA-GKV,H,0/32059,-,+,Cfrm [LP],2022.08.11
332,MT-ND1,LHON,m.3919T>C,3919,T,C,S205P,H,0/32059,+,-,Reported,
400,MT-ND1,Leigh-like phenotype,m.3945C>A,3945,C,A,I213M,15.56%,0/50175,nr,nr,Reported,
121,MT-ND1,MELAS,m.3946G>A,3946,G,A,E214K,100%,1/61134,+,+,Cfrm [LP],2024.03.18
122,MT-ND1,MELAS,m.3949T>C,3949,T,C,Y215H,H,nr,-,+,Reported [VUS],
589,MT-ND1,Leigh Syndrome,m.3955G>A,3955,G,A,A217T,88.89%,0/61134,-,+,Reported,
333,MT-ND1,LHON,m.3958G>A,3958,G,A,G218S,H,0/32059,+,-,Reported,
280,MT-ND1,MELAS,m.3959G>A,3959,G,A,G218D,H,0 / 2704,nr,nr,Reported,
281,MT-ND1,MELAS,m.3995A>G,3995,A,G,N230S,H,0 / 2704,nr,nr,Reported,
334,MT-ND1,LHON,m.4081T>C,4081,T,C,F259L,M,0/32059,+,-,Reported,
508,MT-ND1,Possible LHON helper (one 11778 patient),m.4115T>C,4115,T,C,F270S,100%,0/51836,nr,nr,Reported,
335,MT-ND1,LHON,m.4123A>T,4123,A,T,I273F,M,0/32059,+,-,Reported,
242,MT-ND1,NAION-associated,m.4132G>A,4132,G,A,A276T,L,<1 / 4054,+,-,Reported [VUS],
565,MT-ND1,LHON,m.4135T>C,4135,T,C,Y277H,97.78%,25/59389,-,+,Reported,
9,MT-ND1,LHON,m.4136A>G,4136,A,G,Y277C,97.78%,69/56910,+,-,Reported - possibly synergistic,
410,MT-ND1,Leigh Syndrome,m.4142G>T,4142,G,T,R279L,100%,0/50175,-,+,Reported,
271,MT-ND1,"Developmental delay, seizure, hypotonia",m.4142G>A,4142,G,A,R279Q,100%,0/50175,-,+,Reported [VUS],
10,MT-ND1,LHON / LHON plus,m.4160T>C,4160,T,C,L285P,100%,1/56910,+,-,Reported - possibly synergistic,
336,MT-ND1,LHON,m.4163T>C,4163,T,C,M286T,H,0/32059,+,-,Reported,
11,MT-ND1,LHON / Leigh-like phenotype,m.4171C>A,4171,C,A,L289M,93.33%,0/54592 (2 other GB seqs are LHON pts),+,+,Cfrm [VUS*],2022.08.11
547,MT-ND1,EXIT,m.4175G>A,4175,G,A,W290Term,100.00%,0/56910,-,+,Reported,
12,MT-ND1,LHON / Insulin Resistance /possible adaptive high altitude variant / miscarriage,m.4216T>C,4216,T,C,Y304H,24.44%,5861/56910 (10.3%) HFHG,+,-,Conflicting reports,
454,MT-ND2,High altitude pulmonary edema susceptibility,m.4491G>A,4491,G,A,V8I,4.44%,893/51673,+,-,Reported,
482,MT-ND2,Possible LHON modulator,m.4516G>A,4516,G,A,G16D,95.56%,0/51836,+,-,Reported,
572,MT-ND2,Protective factor for stroke risk (hg V),m.4580G>A,4580,G,A,M37M,60%,1052/61118,nr,nr,Reported,
529,MT-ND2,Leigh Syndrome,m.4611del,4611,A,:,M-Term,13.30%,0/51836,nr,nr,Reported [VUS],Wong 2020 mRNA
240,MT-ND2,LHON candidate,m.4633C>G,4633,C,G,A55G,nr,nr,+,-,Reported,
13,MT-ND2,LHON / Epilepsy,m.4640C>A,4640,C,A,I57M,26.67%,177/50175,+,-,Reported,
176,MT-ND2,PEG,m.4648T>C,4648,T,C,F60S,H,<0.006,+,-,Reported,
194,MT-ND2,possible PD risk factor / LHON,m.4659G>A,4659,G,A,A64T,H,nr,+,-,Reported,
158,MT-ND2,Leigh Syndrome,m.4681T>C,4681,T,C,L71P,M,<0.005,-,+,Reported [VUS],
201,MT-ND2,SZ-associated,m.4769=,4769,A,A,M100M,nr,.,+,-,Reported,
569,MT-ND2,EXIT with myalgia & ophthalmoplegia,m.4810G>A,4810,G,A,W114Term,100%,0/61168,-,+,Cfrm [LP],2023.10.09
566,MT-ND2,Isolated myopathy,m.4831G>A,4831,G,A,G121D,100%,1/59389,-,+,Reported,
169,MT-ND2,"Diabetes helper mutation  AD, PD",m.4833A>G,4833,A,G,T122A,M,<0.03,+,-,Reported,
243,MT-ND2,LHON,m.4852T>A,4852,T,A,L128Q,nr,nr,+,-,Reported,
315,MT-ND2,Glaucoma,m.4883C>T,4883,C,T,P138P,100%,2625/56910 (4.6%) HFHG,+,-,Conflicting reports,
14,MT-ND2,LHON / Insulin Resistance / AMD / NRTI-PN,m.4917A>G,4917,A,G,N150D,91.11%,2390/70175,+,-,Reported,
509,MT-ND2,Possible LHON helper (one 11778 patient),m.4924G>T,4924,G,T,S152I,8.89%,0/51836,nr,nr,Reported,
432,MT-ND2,Lipomatosis+EXIT,m.4935A>G,4935,A,G,T156A,60.00%,0/51673,-,+,Reported,
455,MT-ND2,High altitude pulmonary edema susceptibility,m.4944A>G,4944,A,G,I159V,48.89%,8/51673,+,-,Reported,
510,MT-ND2,Possible LHON helper (one 11778 patient),m.4959G>A,4959,G,A,A164T,8.89%,56/51836,nr,nr,Reported,
590,MT-ND2,Unspecified suspected mitochondrial disorder,m.4983C>T,4983,C,T,Q172Term,100.00%,0/61134,nr,nr,Reported [VUS],
272,MT-ND2,"Developmental delay, seizure, cardiomyopathy, lactic acidosis",m.5001_5002insA,5001,A,AA,frameshift,H,0 / 2704,-,+,Reported [VUS],
368,MT-ND2,Proximal muscle weakness and atrophy,m.5095T>C,5095,T,C,I209T,95.56%,19/47412,nr,nr,Reported,
279,MT-ND2,Exercise intolerance (EXIT),m.5133_5134del,5133,AA,:,frameshift,na,.,nr,nr,Reported [VUS],
425,MT-ND2,Recurrent pregnancy loss,m.5153A>G,5153,A,G,L228L,68.89%,341/51172,nr,nr,Reported,
138,MT-ND2,Longevity / Extraversion / diabetes / AMS protection / blood iron metabolism / correlation with myocardial infarction / atherosclerosis,m.5178C>A,5178,C,A,L237M,22.22%,2268/47412,+,+,Reported,
15,MT-ND2,LHON,m.5244G>A,5244,G,A,G259S,H,<0.05,-,+,Reported [VUS],
530,MT-ND2,Unspecified suspected mitochondrial disorder,m.5367_5385del,5367,ACCTCAATCACACTACTCC,:,frameshift,nd,0/51836,nr,nr,Reported [VUS],
160,MT-ND2,Progressive Encephalomyopathy,m.5452C>T,5452,C,T,T328M,51.10%,20/62556,+,-,Reported,
17,MT-ND2,AD,m.5460G>T,5460,G,T,A331S,4.44%,0/56910,+,+,Reported,
16,MT-ND2,AD / PD / LHON / PCOS patients,m.5460G>A,5460,G,A,A331T,4.44%,3873/56910 (6.8%) HFHG,+,+,Conflicting reports,
591,MT-CO1,MELAS/Leigh overlap Syndrome,m.5906G>A,5906,G,A,M1M,95.56%,0/61134,-,+,Reported,
101,MT-CO1,Prostate Cancer / PCOS patient,m.5911C>T,5911,C,T,A3V,L,<0.007,+,-,Reported,
102,MT-CO1,Prostate Cancer / hypertension,m.5913G>A,5913,G,A,D4N,L,<0.007,+,-,Reported,
18,MT-CO1,Myoglobinuria / EXIT,m.5920G>A,5920,G,A,W6Term,nr,<0.01,-,+,Cfrm [LP],2024.01.22
103,MT-CO1,Prostate Cancer,m.5935A>G,5935,A,G,N11S,H,<0.007,+,-,Reported,
104,MT-CO1,Prostate Cancer,m.5973G>A,5973,G,A,A24T,H,<0.007,+,-,Reported,
490,MT-CO1,Possible association with sepsis,m.6020C>A,6020,C,A,A39A,93.33%,0/51836,-,+,Reported,
137,MT-CO1,Motor Neuron Disease,m.6020_6024del,6020,CGAGC,:,AELGQ-AGPATerm,nr,<0.0125,-,+,Reported,
105,MT-CO1,Prostate Cancer,m.6081G>A,6081,G,A,A60T,H,<0.007,+,-,Reported,
531,MT-CO1,Unspecified suspected mitochondrial disorder,m.6145G>A,6145,G,A,W81Term,100%,0/51836,nr,nr,Reported [VUS],
106,MT-CO1,Prostate Cancer / POAG (primary open-angle glaucoma) risk factor,m.6150G>A,6150,G,A,V83I,H,<0.007,+,-,Reported,
96,MT-CO1,Prostate Cancer / enriched in POAG cohort / PCOS patient,m.6253T>C,6253,T,C,M117T,H,<0.007,+,-,Reported,
98,MT-CO1,Prostate Cancer / LHON,m.6261G>A,6261,G,A,A120T,H,<0.007,+,-,Reported,
107,MT-CO1,Prostate Cancer,m.6267G>A,6267,G,A,A122T,H,<0.007,+,-,Reported,
108,MT-CO1,Prostate Cancer,m.6285G>A,6285,G,A,V128I,H,<0.007,+,-,Reported,
396,MT-CO1,Asthenozoospermic infertility,m.6307A>G,6307,A,G,N135S,97.78%,2/50175,.,+,Reported,
184,MT-CO1,EXIT (Exercise Intolerance),m.6328C>T,6328,C,T,S142F,H,novel,+,-,Reported [VUS],
97,MT-CO1,Prostate Cancer,m.6340C>T,6340,C,T,T146I,H,<0.007,+,-,Reported,
491,MT-CO1,Possible association with sepsis,m.6367T>C,6367,T,C,V155A,71.11%,19/51836,-,+,Reported,
395,MT-CO1,Sepsis susceptibility,m.6459T>C,6459,T,C,W186R,100%,0/49135,+,-,Reported,
412,MT-CO1,Maternally inherited childhood epilepsy and ataxia,m.6474A>G,6474,A,G,T191A,100%,0/50175,+,-,Reported,Reported by paper as VUS
109,MT-CO1,Prostate Cancer / enriched in POAG cohort,m.6480G>A,6480,G,A,V193I,H,<0.007,+,-,Reported,
19,MT-CO1,CO1 deficiency with epilepsia partialis continua,m.6489C>A,6489,C,A,L196I,H,nr,-,+,Reported,
532,MT-CO1,"Developmental delay, hypotonia, myopathy, failure to thrive",m.6526T>C,6526,T,C,M208T,100%,0/51836,nr,nr,Reported [VUS],Wong 2020 mRNA
492,MT-CO1,Possible association with sepsis,m.6544A>C,6544,A,C,N214T,100.00%,0/51836,-,+,Reported,
409,MT-CO1,Leigh Syndrome,m.6547T>C,6547,T,C,L215P,100%,3/50175,-,+,Reported,
411,MT-CO1,Leigh Syndrome,m.6579G>A,6579,G,A,G226Term,100%,0/50175,-,+,Reported,
267,MT-CO1,MELAS-like syndrome,m.6597C>A,6597,C,A,Q232K,H,0 / 2704,-,+,Reported,
493,MT-CO1,Possible association with sepsis,m.6649C>T,6649,C,T,P249L,97.78%,0/51836,-,+,Reported,
99,MT-CO1,Prostate Cancer,m.6663A>G,6663,A,G,I254V,H,<0.007,+,-,Reported (~3% AF Lineage L),
190,MT-CO1,Myopathy,m.6698del,6698,A,:,K-K_frameshift,nr,<0.0033,-,+,Reported,
123,MT-CO1,MM & Rhabdomyolysis,m.6708G>A,6708,G,A,G269Term,nr,nr,-,+,Reported,
90,MT-CO1,Acquired Idiopathic Sideroblastic Anemia,m.6721T>C,6721,T,C,M273T,H,<0.00056,-,+,Reported [VUS],
91,MT-CO1,Acquired Idiopathic Sideroblastic Anemia,m.6742T>C,6742,T,C,I280T,H,<0.00056,-,+,Reported [VUS],
598,MT-CO1,Seizures +myopathy + speech delay,m.6853G>C,6853,G,C,G317A,100%,0/61883,-,+,Reported,
374,MT-CO1,Dilated Cardiomyopathy,m.6860A>C,6860,A,C,K319N,100%,0/47412,+,-,Reported,
20,MT-CO1,Multisystem Disorder,m.6930G>A,6930,G,A,G343Term,nd,<0.008,-,+,Cfrm [LP],2024.01.22
183,MT-CO1,Mild EXIT and MR,m.6955G>A,6955,G,A,G351D,H,<0.00025,+,+,Reported,
321,MT-CO1,Possible helper variant for 15927A,m.6962G>A,6962,G,A,L353L,H,<452/32059,+,-,Reported,
216,MT-CO1,MELAS-like syndrome,m.7023G>A,7023,G,A,V374M,nr,<0.0003,-,+,Reported,
110,MT-CO1,Prostate Cancer,m.7041G>A,7041,G,A,V380I,H,<0.007,+,-,Reported,
494,MT-CO1,Possible association with sepsis,m.7065G>A,7065,G,A,A388T,100.00%,0/51836,-,+,Reported,
111,MT-CO1,Prostate Cancer / PCOS patient,m.7080T>C,7080,T,C,F393L,H,<0.007,+,-,Reported,
112,MT-CO1,Prostate Cancer,m.7083A>G,7083,A,G,I394V,L,<0.007,+,-,Reported,
113,MT-CO1,Prostate Cancer,m.7158A>G,7158,A,G,I419V,L,<0.007,+,-,Reported,
533,MT-CO1,Mitochondrial myopathy,m.7222A>G,7222,A,G,Y440C,100%,0/51836,nr,nr,Reported [VUS],Wong 2020 mRNA
489,MT-CO1,LHON,m.7299A>G,7299,A,G,M466V,64.44%,80/51836,+,-,Reported,
114,MT-CO1,Prostate Cancer,m.7305A>C,7305,A,C,M468L,H,<0.007,+,-,Reported,
495,MT-CO1,Possible association with sepsis,m.7379G>A,7379,G,A,L492L,95.56%,0/51836,-,+,Reported,
282,MT-CO1,Isolated complex IV deficiency,m.7402del,7402,C,:,frameshift,.,nr,-,+,Reported,
87,MT-CO1,DEAF,m.7443A>G,7443,A,G,Term514G,nr,nr,+,-,Reported [VUS],2024.07.08
21,MT-CO1,LHON / SNHL / DEAF modulator,m.7444G>A,7444,G,A,Term514K,H,1,+,-,Reported [LB],2023.06.26
88,MT-CO1,DEAF,m.7445A>C,7445,A,C,Term514S,nr,<0.0026,+,-,Reported [VUS],2024.07.08
581,MT-CO1,SNHL,m.7445A>T,7445,A,T,Term514S,M,< 0.006,+,-,Reported [VUS],2024.07.08
89,MT-CO1,SNHL,m.7445A>G,7445,A,G,Term514Term,M,<0.2,+,+,Cfrm [P],2022.08.08
22,MT-CO2,Mitochondrial Encephalomyopathy,m.7587T>C,7587,T,C,M1T,100%,0/61181,-,+,Cfrm [LP],2024.03.11
269,MT-CO2,Possible LHON helper variant,m.7598G>A,7598,G,A,A5T,L,6 / 2704,-,+,Reported,
146,MT-CO2,LHON,m.7623C>T,7623,C,T,T13I,H,nr,+,-,Reported,
391,MT-CO2,MELAS,m.7630del,7630,T,:,frameshift,H,0/49135,-,+,Reported,
193,MT-CO2,PD risk factor / neurological impairment,m.7637G>A,7637,G,A,E18K,100%,2/61134,-,+,Reported [VUS],
23,MT-CO2,MM,m.7671T>A,7671,T,A,M29K,H,<0.009,-,+,Reported [VUS],2023.11.28
413,MT-CO2,Cerebellar and pyramidal syndrome with cognitive impairment,m.7695T>C,7695,T,C,L37P,100%,0/50175,-,+,Reported,Reported by paper as VUS
262,MT-CO2,"Possible HCM susceptibility, high altitude adaptation",m.7697G>A,7697,G,A,V38I,97.78%,249/51673,+,-,Reported,
224,MT-CO2,Alpers-Huttenlocher-like,m.7706G>A,7706,G,A,A41T,20.00%,11/62556,+,+,Reported,
496,MT-CO2,Possible association with sepsis,m.7749T>C,7749,T,C,I55T,22.22%,1/51836,-,+,Reported,
161,MT-CO2,Progressive Encephalomyopathy,m.7859G>A,7859,G,A,D92N,nr,<0.002,+,-,Reported,
198,MT-CO2,LHON,m.7868C>T,7868,C,T,L95F,M,nr,+,-,Reported - possibly synergistic,
175,MT-CO2,PEG glaucoma,m.7877A>C,7877,A,C,K98Q,H,<0.006,+,-,Reported,
543,MT-CO2,Cerebellar ataxia + neuropathy + exercise intolerance,m.7887G>A,7887,G,A,G101D,100.00%,0/54594,-,+,Reported,
24,MT-CO2,Multisystem Disorder,m.7896G>A,7896,G,A,W104Term,100.00%,0/61618,-,+,Cfrm [P],2024.02.12
497,MT-CO2,Possible association with sepsis,m.7943T>C,7943,T,C,S120P,100.00%,0/51836,-,+,Reported,
390,MT-CO2,Hepatic failure / COX deficiency,m.7965T>C,7965,T,C,F127S,20%,1/49135,.,+,Reported,
139,MT-CO2,Encephalopathy,m.7970G>T,7970,G,T,E129Term,nr,<0.0037,-,+,Reported,
92,MT-CO2,Rhabdomyolysis,m.7989T>C,7989,T,C,L135P,H,nr,-,+,Reported [VUS],2024.01.22
273,MT-CO2,"Developmental delay, ataxia, seizure, hypotonia, lactic acidosis",m.8010T>C,8010,T,C,V142A,.,0 / 2704,-,+,Reported,
285,MT-CO2,Asthenozoospermia,m.8021A>G,8021,A,G,I146V,H,0 / 2704,+,-,Reported,
25,MT-CO2,Lactic Acidosis,m.8042_8043del,8042,AT,:,frameshift,.,.,-,+,Reported [VUS],2024.01.22
199,MT-CO2,DEAF,m.8078G>A,8078,G,A,V165I,H,<0.0007,+,-,Reported,
380,MT-CO2,Mitochondrial myopathy with complex IV deficiency,m.8088del,8088,T,:,frameshift,.,0/48882,-,+,Cfrm [LP],2024.02.26
94,MT-CO2,SNHL,m.8108A>G,8108,A,G,I175V,H,nr,+,-,Reported,
367,MT-CO2,Biliary atresia,m.8119del,8119,T,:,frameshift,100%,0/ 47412,-,+,Reported,
341,MT-CO2,Multi-system mitochondrial disorder,m.8156del,8156,G,:,frameshift,H,0/37545,-,+,Reported,
575,MT-CO2,Late-onset cerebellar ataxia,m.8163A>G,8163,A,G,Y193C,100%,0/60570,-,+,Reported,
574,MT-CO2,Coronary artery disease risk factor,m.8231C>A,8231,C,A,L216M,96%,0/61118,-,+,Reported,
362,MT-CO2,MIDD+retinopathy,m.8241T>G,8241,T,G,F219C,100%,0/42616,-,+,Conflicting reports,
347,MT-CO2,Mitochondrial myopathy,m.8249G>A,8249,G,A,G222Term,.,0/42616,+,-,Reported,
171,MT-ATP8,MIDD / LVNC cardiomyopathy-assoc./ ATP6/8 deficiency,m.8381A>G,8381,A,G,T6A,H,<0.015,+,-,Reported,
551,MT-ATP8,Suspected mito disease / optic neuropathy,m.8382C>T,8382,C,T,T6I,84.44%,9/61134,-,+,Reported,
603,MT-ATP8,ATP6/8 deficiency,m.8391G>A,8391,G,A,W9Term,100%,0/62556,nr,nr,Reported,
254,MT-ATP8,Reversible brain pseudoatrophy,m.8393C>T,8393,C,T,P10S,M,0/30589,-,+,Reported,
278,MT-ATP8,Episodic weakness and progressive neuropathy / ATP6/8 deficiency,m.8403T>C,8403,T,C,I13T,.,nr,+,-,Reported,
251,MT-ATP8,Severe mitochondrial disorder,m.8411A>G,8411,A,G,M16V,H,0 / 120,+,-,Reported,
405,MT-ATP8,Possible LHON helper mutation,m.8412T>C,8412,T,C,M16T,73.33%,17/50175,+,-,Reported,
258,MT-ATP8,Increased risk of T2DM and high altitude polycythemia (HAPC) in hg D4; longevity; reduced risk of esophageal cancer [D1-D2-D3-D4 marker],m.8414C>T,8414,C,T,L17F,31.11%,2329'62556,+,-,Reported,
478,MT-ATP8,Severe bilateral optic neuropathy,m.8418T>C,8418,T,C,L18P,64.44%,1/51836,+,-,Reported [VUS],
552,MT-ATP8,LS / failure to thrive / hypotonia / seizures; Suspected mito disease,m.8424T>C,8424,T,C,L20P,88.89%,0/61883,96%,-,Reported,
311,MT-ATP8,Tetralogy of Fallot patient,m.8481C>T,8481,C,T,P39L,L,0/30589,+,-,Reported,
382,MT-ATP8,Peripheral neuropathy of T2DM,m.8490T>C,8490,T,C,M42T,20%,27/48882,+,-,Reported,
305,MT-ATP8,Possible susceptibility to bullous pemphigoid,m.8519G>A,8519,G,A,E52K,71%,158/59389,+,-,Reported,
314,MT-ATP8/6,"Neuromuscular disorder, possible helper mutation",m.8527A>G,8527,A,G,ATP8:K54K ATP6:M1M,M,125/30589,+,-,Reported,
233,MT-ATP8/6,Infantile cardiomyopathy / hyperammonemia / ATP6/8 deficiency,m.8528T>C,8528,T,C,ATP8:W55R ATP6:M1T,H,0/30589,+,+,Cfrm [LP],2022.06.30
234,MT-ATP8/6,Apical HCM,m.8529G>A,8529,G,A,ATP8:W55Term ATP6:M1M,H,0 / 2704,+,-,Reported [VUS],
604,MT-ATP8/6,ATP6/8 deficiency,m.8535A>G,8535,A,G,ATP8:K57Term ATP6:E3E,"88.89%, 84.44%",0/62556,nr,nr,Reported,
406,MT-ATP8/6,Possible LHON helper mutation,m.8551T>C,8551,T,C,ATP8:H62H ATP6:F9L,31.11%,17/50175,+,-,Reported,
229,MT-ATP8/6,Possibly LVNC cardiomyopathy-associated,m.8558C>T,8558,C,T,ATP8:P65S ATP6:A11V,H,2 / 2704,+,-,Reported,
318,MT-ATP8/6,"Ataxia w neuropathy, DM, SNHL, and hypogonadism",m.8561C>G,8561,C,G,ATP8:P66A ATP6:P12R,"26.67%,97.78%",0/62556,+,+,Reported,
399,MT-ATP8/6,Ataxia w psychomotor delay,m.8561C>T,8561,C,T,ATP8:P66S ATP6:P12L,26.67%,0/50175,-,+,Reported,
599,MT-ATP8/6,Congenital sideroblastic anemia (CSA)  / ATP6/8 deficiency / MILS,m.8570T>C,8570,T,C,ATP8:Term69Q ATP6:L15P,48.89%,0/61883,-,+,Reported [VUS],
539,MT-ATP8/6,Spinocerebellar ataxia,m.8572G>A,8572,G,A,ATP8:Term69Term ATP6:G16S,93.33%,185/52633,+,-,Reported,
458,MT-ATP6,Patient with suspected mitochondrial disease,m.8573G>A,8573,G,A,G16D,93.33%,55/51673,+,-,Reported by paper as Benign,Reported by paper as Benign
540,MT-ATP6,Spinocerebellar ataxia,m.8578C>T,8578,C,T,P18S,86.67%,30/52633,+,-,Reported,
605,MT-ATP6,ATP6/8 deficiency,m.8579C>T,8579,C,T,P18L,86.67%,0/62556,nr,nr,Reported,
424,MT-ATP6,Leigh Syndrome,m.8597T>C,8597,T,C,I24T,71.11%,17/51192,-,+,Reported,
498,MT-ATP6,Possible association with sepsis,m.8606C>T,8606,C,T,P27L,93.33%,0/51836,-,+,Reported,
459,MT-ATP6,Patient with suspected mitochondrial disease,m.8608C>T,8608,C,T,P28S,13.33%,0/51673,+,-,Reported,Reported by paper as VUS
342,MT-ATP6,"Ataxia, microcephaly, developmental delay, intellectual disability / ATP6/8 deficiency",m.8611_8612insC,8611,C,CC,frameshift,H,0/30589,-,+,Reported,
600,MT-ATP6,Neurodevelopmental delay +cerebellar atrophy +strabismus,m.8611C>A,8611,C,A,L29M,42.22%,3/61883,+,-,Reported,
460,MT-ATP6,"Arm and leg weakness, incontinence, developmental delay, autism, epilepsy / ATP6/8 deficiency",m.8612T>C,8612,T,C,L29P,42.22%,0/51673,+,-,Reported,Reported by paper as VUS
344,MT-ATP6,NARP/cognitive decline+abnormal brain MRI+impaired kidney function,m.8618_8619insT,8618,T,TT,frameshift,H,0/30589,-,+,Cfrm [LP],2024.08.12
483,MT-ATP6,Possible LHON modulator,m.8639T>C,8639,T,C,I38T,75.56%,15/51836,+,-,Reported,
244,MT-ATP6,LHON,m.8668T>C,8668,T,C,W48R,nr,nr,+,-,Reported,
602,MT-ATP6,lntrauterine growth retardation+truncal hypotonia+microcephaly+developmental delay+left ventricular noncompaction+WPW,m.8672T>C,8672,T,C,L49P,82.22%,0/62556,-,+,Reported,
421,MT-ATP6,Infantile mito disease w subclinical hypothyroidism,m.8691A>G,8691,A,G,K55K,95.56%,6/51192,nr,nr,Reported,
606,MT-ATP6,ATP6/8 deficiency,m.8716_8717insA,8716,A,TA,frameshift,82.22%,0/62556,nr,nr,Reported as 8716dupT,
270,MT-ATP6,Suspected mito disease,m.8719G>A,8719,G,A,G65Term,.,0 / 2704,-,+,Reported [VUS],
461,MT-ATP6,Patient with suspected mitochondrial disease / ATP6/8 deficiency,m.8723G>T,8723,G,T,R66L,42.22%,0/51673,99%,-,Reported,Reported by paper as VUS
226,MT-ATP6,MILS protective factor,m.8741T>G,8741,T,G,L72R,H,nr,-,+,Reported,
607,MT-ATP6,ATP6/8 deficiency,m.8746T>C,8746,T,C,S74P,91.11%,0/62556,.,.,Reported,check het in Bolze
593,MT-ATP6,Adult-onset cerebellar ataxia ,m.8777T>C,8777,T,C,L84P,91%,0/61134,-,+,Reported,
484,MT-ATP6,Possible LHON modulator,m.8779C>T,8779,C,T,L85F,100%,6/51836,+,-,Reported,
449,MT-ATP6,Cerebellar ataxia+diabetes+kidney disease / ataxia+myoclonic epilepsy / ATP6/8 deficiency,m.8782G>A,8782,G,A,G86Term,100%,0/51673,-,+,Reported,
534,MT-ATP6,Unspecified suspected mitochondrial disorder,m.8783G>A,8783,G,A,G86E,100%,1/51836,nr,nr,Reported [VUS],Wong 2020 mRNA
159,MT-ATP6,Exercise Endurance / Coronary Atherosclerosis risk,m.8794C>T,8794,C,T,H90Y,M,nr,+,-,Reported,
227,MT-ATP6,MILS protective factor,m.8795A>G,8795,A,G,H90R,H,nr,-,+,Reported,
601,MT-ATP6,Leigh syndrome spectrum,m.8797T>C,8797,T,C,S91P,73.33%,0/61883,-,+,Reported,
553,MT-ATP6,Suspected mito disease,m.8806C>G,8806,C,G,P94A,97.78%,0/56910,nr,nr,Reported,
541,MT-ATP6,Spinocerebellar ataxia / PCOS patient,m.8812A>G,8812,A,G,T96A,97.78%,62/52633,-,+,Reported,
351,MT-ATP6,Possible LHON helper variant,m.8821T>G,8821,T,G,S99A,95.56%,0/45494,nr,nr,Reported,
147,MT-ATP6,LHON,m.8836A>G,8836,A,G,M104V,H,nr,+,-,Reported,
423,MT-ATP6,NARP syndrome,m.8839G>C,8839,G,C,A105P,97.78%,0/51192,-,+,Reported [VUS],
462,MT-ATP6,Patient with suspected mitochondrial disease / PCOS patient,m.8843T>C,8843,T,C,I106T,86.67%,173/51673 HFHG,+,-,Reported by paper as Likely Benign,Reported by paper as Likely Benign
145,MT-ATP6,BSN / Leigh syndrome,m.8851T>C,8851,T,C,W109R,100%,3/54594,+,+,Cfrm [VUS*],2022.04.13
608,MT-ATP6,ATP6/8 deficiency,m.8858G>A,8858,G,A,G111D,75.56%,0/62556,nr,nr,Reported,
594,MT-ATP6,Adult-onset cerebellar ataxia - possible helper mutant for m.8777C,m.8879G>T,8879,G,T,R118L,96%,0/61134,-,+,Reported,
463,MT-ATP6,Patient with suspected mitochondrial disease,m.8881T>C,8881,T,C,S119P,4.44%,1/51673,nr,nr,Reported,Reported by paper as VUS
320,MT-ATP6,Juvenile-onset metabolic syndrome,m.8890A>G,8890,A,G,K122E,M,0/30589,-,+,Reported,
554,MT-ATP6,Suspected mito disease,m.8902G>A,8902,G,A,A126T,91.11%,8/56910,nr,nr,Reported,
542,MT-ATP6,Recurrent severe kidney disease and multiple systemic dysfunctions,m.8909T>C,8909,T,C,F128S,66.67%,0/52633,+,-,Reported,
464,MT-ATP6,Patient with suspected mitochondrial disease,m.8921G>A,8921,G,A,G132D,100.00%,7/51673,+,-,Reported,Reported by paper as VUS
100,MT-ATP6,Prostate tumor / Neuromuscular disorder,m.8932C>T,8932,C,T,P136S,66.67%,214/54594,+,-,Reported [B],
420,MT-ATP6,Atypical Leigh syndrome,m.8936T>A,8936,T,A,L137H,100%,0/54594,-,+,Reported [VUS],
465,MT-ATP6,Patient with suspected mitochondrial disease,m.8938A>G,8938,A,G,I138V,95.56%,44/51673,+,-,Reported,Reported by paper as VUS
134,MT-ATP6,LDYT / Spinocerebellar Ataxia,m.8950G>A,8950,G,A,V142I,H,nr,+,-,Reported,
515,MT-ATP6,Patient with ataxia,m.8951T>C,8951,T,C,V142A,51.11%,9/51836,nr,nr,Reported,
369,MT-ATP6,"Developmental delay, intellectual disability, low citrilline / ATP6/8 deficiency",m.8959G>A,8959,G,A,E145K,97.78%,4/47412,+,+,Reported,
319,MT-ATP6,"Mitochondrial myopathy, lactic acidosis and sideroblastic anemia (MLASA) / IgG nephropathy / ATP6/8 deficiency",m.8969G>A,8969,G,A,S148N,H,0/30589,-,+,Cfrm [LP],2022.08.11
555,MT-ATP6,Suspected mito disease,m.8969G>C,8969,G,C,S148T,100%,0/56910,nr,nr,Reported,
556,MT-ATP6,Suspected mito disease,m.8975T>C,8975,T,C,L150P,22.22%,21/56910,nr,nr,Reported,
422,MT-ATP6,NARP syndrome,m.8989G>C,8989,G,C,A155P,95.56%,0/51192,-,+,Reported,
27,MT-ATP6,NARP / Leigh Disease / MILS / ATP6/8 deficiency / other,m.8993T>C,8993,T,C,L156P,97.78%,2/54594 both patients,-,+,Cfrm [P],2022.04.13
526,MT-ATP6,Developmental delay & myopathy,m.8993TG>CA,8993,TG,CA,L156P,.,.,+,+,Cfrm [LP],2024.08.27
26,MT-ATP6,NARP / Leigh Disease / MILS / ATP6/8 deficiency / other,m.8993T>G,8993,T,G,L156R,97.78%,6/54594 all patients,+,+,Cfrm [P],2022.04.13
466,MT-ATP6,Patient with suspected mitochondrial disease,m.8999T>C,8999,T,C,V158A,97.78%,7/51673,+,-,Reported,Reported by paper as VUS
610,MT-ATP6,ATP6/8 deficiency,m.9005T>C,9005,T,C,L160P,100%,2/62556,.,.,Reported,check het in Bolze
557,MT-ATP6,Suspected mito disease,m.9008C>G,9008,C,G,T161S,100%,2/56920,nr,nr,Reported,
387,MT-ATP6,Unspecified neurological disorder,m.9010G>A,9010,G,A,A162T,100%,27/49135,-,+,Reported,
124,MT-ATP6,LHON,m.9016A>G,9016,A,G,I164V,H,<0.077,-,+,Reported,
388,MT-ATP6,Unspecified neurological disorder,m.9017T>C,9017,T,C,I164T,88.90%,11/49135,-,+,Reported,
558,MT-ATP6,Suspected mito disease,m.9019A>G,9019,A,G,T165A,97.78%,0/56910,nr,nr,Reported,
358,MT-ATP6,"Motor neuropathy, Leigh-like, colon cancer",m.9025G>A,9025,G,A,G167S,100.00%,41/61143,+,-,Reported [VUS],
408,MT-CO3,Possible LHON helper mutation,m.9921G>A,9921,G,A,A239T,95.56%,56/51836,+,-,Reported,
467,MT-ATP6,Spinocerebellar ataxia / patient with suspected mitochondrial disease,m.9026G>A,9026,G,A,G167D,100.00%,3/54594,-,+,Reported [VUS],Reported by paper as Likely Pathogenic
359,MT-ATP6,LHON-like,m.9029A>G,9029,A,G,H168R,H,1/46092,+,+,Reported,
360,MT-ATP6,"NARP / Complex phenotype with microcephaly, ataxia, hearing loss, lactic acidosis / ATP6/8 deficiency",m.9032T>C,9032,T,C,L169P,97.78%,0/54594,-,+,Reported [VUS],
222,MT-ATP6,Ataxia syndromes / ATP6/8 deficiency,m.9035T>C,9035,T,C,L170P,.,.,+,+,Cfrm [LP],2022.06.30
468,MT-ATP6,Patient with suspected mitochondrial disease,m.9041A>G,9041,A,G,H172R,88.89%,48/51673,-,+,Reported,Reported by paper as VUS
535,MT-ATP6,Unspecified suspected mitochondrial disorder / ATP6/8 deficiency,m.9049G>A,9049,G,A,G175Term,91.11%,0/51836,nr,nr,Reported [VUS],Wong 2020 mRNA
221,MT-ATP6,PD protective factor,m.9055G>A,9055,G,A,A177T,86.67%,2302/54594,+,-,Reported,
230,MT-ATP6,"Patients with (1) LVNC cardiomyopathy; (2) autism, intellectual disability, epilepsy; (3) PCOS",m.9058A>G,9058,A,G,T178A,80%,28/51673,+,-,Reported as (1) possible association or as (2) benign,
306,MT-ATP6,Potentially functional variant cosegregating with LHON3635A,m.9071C>T,9071,C,T,S182L,.,.,+,-,Reported,
469,MT-ATP6,Patient with suspected mitochondrial disease,m.9088T>C,9088,T,C,S188P,11.11%,22/51673,-,+,Reported by paper as Likely Benign,Reported by paper as Likely Benign
228,MT-ATP6,Predisposition to anti-retroviral mito disease,m.9098T>C,9098,T,C,I191T,.,.,+,-,Reported,
28,MT-ATP6,LHON,m.9101T>C,9101,T,C,I192T,L,<0.1,+,-,Reported,
470,MT-ATP6,Patient with suspected mitochondrial disease,m.9115A>G,9115,A,G,I197V,53.33%,23/51673,+,-,Reported,Reported by paper as VUS
343,MT-ATP6,NARP,m.9127_9128del,9127,AT,:,IL-PTerm,H,,-,+,Reported,
471,MT-ATP6,Patient with suspected mitochondrial disease,m.9133G>A,9133,G,A,E203K,100.00%,4/51673,+,-,Reported,Reported by paper as VUS
338,MT-ATP6,"Hypotonia, lactic acidosis, HCM, IUGR",m.9134A>G,9134,A,G,E203G,H,0/37545,-,+,Reported [VUS],
173,MT-ATP6,LHON,m.9139G>A,9139,G,A,A205T,H,nr,+,-,Reported - possibly synergistic,
472,MT-ATP6,Patient with suspected mitochondrial disease,m.9152T>C,9152,T,C,I209T,100%,15/51673,-,+,Reported [VUS],
545,MT-ATP6,Peripheral neuropathy ataxia IgA nephropathy,m.9154C>T,9154,C,T,Q210Term,100%,0/54594,-,+,Reported,
370,MT-ATP6,"Developmental delay, intellectual disability, low citrilline",m.9155A>T,9155,A,T,Q210L,100%,0/47412,+,+,Reported,
392,MT-ATP6,"MIDD, renal insufficiency",m.9155A>G,9155,A,G,Q210R,100%,0/49135,-,+,Cfrm [LP],2022.06.30
431,MT-ATP6,EXIT+more /  bilateral optic neuropathy,m.9166T>C,9166,T,C,F214L,100%,0/51673,+,+,Reported,
29,MT-ATP6,FBSN / Leigh Disease / Spinocerebellar Ataxia / ATP6/8 deficiency,m.9176T>C,9176,T,C,L217P,100%,3/52366,+,+,Cfrm [P],2022.04.13
30,MT-ATP6,Leigh Disease / Spastic Paraplegia / Spinocerebellar Ataxia / ATP6/8 deficiency,m.9176T>G,9176,T,G,L217R,100%,1/52366,+,+,Cfrm [LP],2022.08.11
132,MT-ATP6,Leigh Disease / Ataxia syndromes / NARP-like disease / Episodic weakness and Charcot-Marie-Tooth / ATP6/8 deficiency,m.9185T>C,9185,T,C,L220P,97.78%,0/56907 (not counting 3 who were patients),+,+,Cfrm [P],2022.08.11
133,MT-ATP6,Leigh Disease,m.9191T>C,9191,T,C,L222P,97.78%,0/54594,-,+,Cfrm [LP],2022.03.24
609,MT-ATP6,ATP6/8 deficiency,m.9204_9205del,9204,AT,:,frameshift,"73,33%",0/62556,.,.,Reported,check het in Bolze
83,MT-ATP6,Encephalopathy / Seizures / Lacticacidemia,m.9205_9206del,9205,TA,:,Term-M,nd,nr,+,-,Cfrm [LP],2022.08.11
479,MT-CO3,Mitochondrial Respiratory Chain Disorder,m.9237G>A,9237,G,A,V11M,97.78%,0/51836,na,na,Reported [VUS],
583,MT-CO3,MELAS,m.9247G>C,9247,G,C,S14T,100%,0/61143,nr,nr,Reported,
499,MT-CO3,Possible association with sepsis,m.9266G>T,9266,G,T,G20G,100.00%,1/51836,-,+,Reported,
304,MT-CO3,MIDD,m.9267G>C,9267,G,C,A21P,H,0/51836,-,+,Reported,
414,MT-CO3,"Failure to thrive with metabolic acidosis, cognitive impairment, optic atrophy",m.9331T>C,9331,T,C,L42P,100%,0/50175,+,-,Reported,Reported by paper as VUS
188,MT-CO3,MM w lactic acidosis,m.9379G>A,9379,G,A,W58Term,H,0/51836,-,+,Reported [VUS],2024.01.22
286,MT-CO3,Asthenozoospermia,m.9387G>A,9387,G,A,V61M,M,0/51836,-,+,Reported,
516,MT-CO3,"Patient with epilepsy, myopathy, hypoacusis, psychiatric disorders",m.9399A>G,9399,A,G,S65G,55.56%,9/51836,nr,nr,Reported,
500,MT-CO3,Possible association with sepsis,m.9403C>A,9403,C,A,T66K,100.00%,0/51836,-,+,Reported,
501,MT-CO3,Possible association with sepsis,m.9415A>G,9415,A,G,H70R,97.78%,0/51836,-,+,Reported,
31,MT-CO3,LHON / gout,m.9438G>A,9438,G,A,G78S,93.33%,560/51836 HFHG,+,-,Conflicting reports,
407,MT-CO3,Possible LHON helper mutation,m.9444C>T,9444,C,T,R80W,100%,1/51836,+,-,Reported,
250,MT-CO3,Leigh Disease,m.9478T>C,9478,T,C,V91A,H,19/51836,-,+,Reported [VUS],2024.01.22
144,MT-CO3,Myoglobinuria,m.9480_9494del,9480,TTTTTCTTCGCAGGA,:,FFFAG-del,H,nr,-,+,"Cfrm [LP], alt locus at 9487del15",2024.02.26
377,MT-CO3,Myoglobinuria,m.9487_9501del,9487,TCGCAGGATTTTTCT,:,FFAGFF-del,H,nr,-,+,alt loc to 9480del15 [LP],2024.02.26
379,MT-CO3,Gout,m.9490C>T,9490,C,T,A95V,48.89%,21/47412,+,-,Reported,
32,MT-CO3,Leigh Disease,m.9537_9538insC,9537,C,CC,frameshift,+,,+,-,Cfrm [LP],2024.04.22
187,MT-CO3,Sporadic bilateral optic neuropathy / rhabdomyolysis,m.9544G>A,9544,G,A,G113E,100%,0/65286,-,+,Reported,
576,MT-CO3,Adult-onset MELAS,m.9553G>A,9553,G,A,W116Term,H,0/61134,-,+,Reported,
264,MT-CO3,Rhabdomyolysis,m.9559del,9559,C,:,frameshift,H,,-,+,Reported,
148,MT-CO3,LHON,m.9660A>C,9660,A,C,M152L,H,0/51836,+,-,Reported,
611,MT-CO3,Marfan Syndrome patients,m.9738G>A,9738,G,A,A178T,86.67%,231/62556,nr,nr,Reported,
33,MT-CO3,LHON,m.9738G>T,9738,G,T,A178S,86.67%,0/62556,+,-,Reported,
140,MT-CO3,Myopathy,m.9789T>C,9789,T,C,S195P,H,0/51836,-,+,Reported,
34,MT-CO3,LHON / MS,m.9804G>A,9804,G,A,A200T,93.33%,150/51836,+,+,Reported [VUS],.
378,MT-CO3,LVNC cardiomyopathy / gout,m.9856T>C,9856,T,C,I217T,17.78%,13/47412,+,-,Reported,
155,MT-CO3,AD,m.9861T>C,9861,T,C,F219L,H,114/51836,+,-,Reported,
567,MT-CO3,Cavitating leukodystrophy,m.9907G>A,9907,G,A,G234D,100%,0/59689,-,+,Reported,
35,MT-CO3,Mitochondrial Encephalopathy,m.9952G>A,9952,G,A,W249Term,H,0/51836,-,+,Cfrm [LP],2024.02.26
36,MT-CO3,PEM / MELAS / NAION / HCM / gout,m.9957T>C,9957,T,C,F251L,H,42/51836,-,+,Reported,
352,MT-CO3,LHON possible helper variant,m.9966G>A,9966,G,A,V254I,82.22%,319/45494,nr,nr,Reported,
219,MT-CO3,EXIT & APS2 - possible link,m.9972A>C,9972,A,C,I256L,H,1/51836,-,+,Reported,
525,MT-CO3,Suspected mito disease,m.9984G>A,9984,G,A,G260Term,100%,0/62556,nr,nr,Reported,
277,MT-ND3,Hypertensive end-stage renal disease,m.10086A>G,10086,A,G,N10D,nr,26 / 2704,+,-,Reported,
403,MT-ND3,Leigh Disease,m.10134C>A,10134,C,A,Q26K,95.56%,0<50176,-,+,Reported [VUS],2023.11.28
426,MT-ND3,Recurrent pregnancy loss,m.10142C>T,10142,C,T,N28N,80.00%,679/51192,nr,nr,Reported,
82,MT-ND3,Leigh Disease / MELAS / mito encephalomyopathy,m.10158T>C,10158,T,C,S34P,31.11%,0/65286,+,+,Cfrm [P],2022.04.13
415,MT-ND3,Behavior alteration with dilated cardiomyopathy,m.10189T>C,10189,T,C,M44T,48.89%,1/50175,-,+,Reported,Reported by paper as VUS
37,MT-ND3,Leigh Disease / ESOC,m.10191T>C,10191,T,C,S45P,hydrophilic,<0.015,-,+,Cfrm [P],2022.08.23
577,MT-ND3,Leigh Disease,m.10197G>C,10197,G,C,A47P,95.56%,0/61134,-,+,Reported,
157,MT-ND3,Leigh Disease / Dystonia / Stroke / LDYT,m.10197G>A,10197,G,A,A47T,95.56%,4/56910,+,+,Cfrm [P],2022.08.11
136,MT-ND3,LHON,m.10237T>C,10237,T,C,I60T,H,<0.005,+,-,Reported,
303,MT-ND3,Leigh Disease,m.10254G>A,10254,G,A,D66N,H,0/29867,-,+,Cfrm [LP],2023.10.23
521,MT-ND3,LHON,m.10350C>A,10350,C,A,L98M,100%,0/51836,+,-,Reported,
592,MT-ND3,Sensorimotor axonal polyneuropathy,m.10372A>G,10372,A,G,E105G,100%,0/61134,-,+,Reported,
165,MT-ND3,PD protective factor / longevity / altered cell pH / metabolic syndrome / breast cancer risk / Leigh Syndrome risk / ADHD / cognitive decline / SCA2 age of onset / Fuchs endothelial corneal dystrophy,m.10398A>G,10398,A,G,T114A,51%,25276/59389 HFHG,+,-,"Reported; lineage L & M marker, also hg IJK",
128,MT-ND3,Invasive Breast Cancer risk factor  AD  PD  BD lithium response  Type 2 DM,m.10398=,10398,A,A,T114T,49%,34106/59389 HFHG,+,-,Reported; lineage N marker except  hg IJK,
149,MT-ND4L,LHON,m.10543A>G,10543,A,G,H25R,H,nr,-,+,Reported,
150,MT-ND4L,LHON,m.10591T>G,10591,T,G,F41C,H,nr,-,+,Reported,
522,MT-ND4L,Type 2 diabetes patients with underlying 3243G / LHON patient with 10663C,m.10609T>C,10609,T,C,M47T,37.38%,1516/62556,nr,nr,Reported,
202,MT-ND4L,BD / MDD-associated,m.10652T>C,10652,T,C,I61I,.,.,-,+,Reported,
38,MT-ND4L,LHON,m.10663T>C,10663,T,C,V65A,L,<0.005,+,-,Cfrm [LP],2022.06.30
523,MT-ND4L,Type 2 cataract patients with underlying 3243G,m.10676C>G,10676,C,G,C69W,95.56%,1/62556,nr,nr,Reported,
197,MT-ND4L,LHON / synergistic combo 10680A + 12033G + 14258A,m.10680G>A,10680,G,A,A71T,93.33%,18/45494,+,-,Reported / possibly synergistic,
364,MT-ND4,Biliary atresia,m.11042T>C,11042,T,C,Y95H,78%,0/47412,-,+,Reported,
365,MT-ND4,Biliary atresia,m.11048del,11048,T,:,frameshift,.,0/47412,-,+,Reported,
39,MT-ND4,"AD, PD  MELAS",m.11084A>G,11084,A,G,T109A,86.67%,203/51673 HFHG,+,+,Conflicting reports,
450,MT-ND4,Found in a Multiple Sclerosis patient,m.11150G>A,11150,G,A,A131T,6.67%,121/51673,+,-,Reported,
78,MT-ND4,CPEO,m.11232T>C,11232,T,C,L158P,H,<0.01,-,+,Reported,
322,MT-ND4,Leigh Syndrome,m.11240C>T,11240,C,T,L161F,H,0/32059,-,+,Reported,
397,MT-ND4,Reduced risk of PD,m.11251A>G,11251,A,G,L164L,93.33%,4660/50175,nr,nr,Reported,
143,MT-ND4,LHON  PD,m.11253T>C,11253,T,C,I165T,M,<0.01,+,-,Reported,
260,MT-ND4,found in HCM patient,m.11365T>C,11365,T,C,A202A,97.78%,115/51673,+,-,Reported,
309,MT-ND4,found in sCJD patient,m.11375A>C,11375,A,C,K206Q,H,0/30589,+,-,Reported,
488,MT-ND4,MELAS,m.11406T>A,11406,T,A,L216H,100%,0/51836,-,+,Reported,
211,MT-ND4,Altered brain pH / sCJD patients,m.11467A>G,11467,A,G,L236L,100%,6643/51673,+,-,Reported [B],
346,MT-ND4,MELAS,m.11470A>C,11470,A,C,K237N,H,0/37545,-,+,Reported,
451,MT-ND4,ND4 mutation set found in a Multiple Sclerosis patient,m.11519A>C,11519,A,C,T254P,86.67%,0/51673,+,-,Reported,
452,MT-ND4,ND4 mutation set found in a Multiple Sclerosis patient,m.11523A>C,11523,A,C,K255T,26.67%,0/51673,+,-,Reported,
453,MT-ND4,ND4 mutation set found in a Multiple Sclerosis patient,m.11527C>T,11527,C,T,H256H,28.89%,23/51673,+,-,Reported,
275,MT-ND4,"CPEO, exercise intolerance",m.11621_11622del,11621,TA,:,frameshift,.,0 / 2704,-,+,Reported [VUS],
40,MT-ND4,LHON / LDYT / DEAF / hypertension helper mut.,m.11696G>A,11696,G,A,V313I,6.67%,275/45494,+,+,Reported / possibly synergistic,
77,MT-ND4,Leigh Disease,m.11777C>A,11777,C,A,R340S,H,<0.005,-,+,Cfrm [LP],2022.08.11
41,MT-ND4,LHON / Progressive Dystonia,m.11778G>A,11778,G,A,R340H,H,<0.2,+,+,Cfrm [P],2022.08.11
42,MT-ND4,EXIT / oncocytoma,m.11832G>A,11832,G,A,W358Term,ND,.,-,+,Reported,
151,MT-ND4,LHON,m.11874C>A,11874,C,A,T372N,H,nr,+,-,Reported,
560,MT-ND4,Possible susceptibility to bullous pemphigoid,m.11914G>A,11914,G,A,T385T,20%,6296/59389,nr,nr,Reported,
119,MT-ND4,Thyroid Cancer Cell Line,m.11919C>T,11919,C,T,S387F,H,<0.008,+,-,Reported,
371,MT-ND4,Leigh Syndrome,m.11984T>C,11984,T,C,Y409H,89%,50/47412,+,-,Reported,
178,MT-ND4,Oligoasthenoteratozoospermia (OAT),m.11994C>T,11994,C,T,T412I,31.10%,0/59389,+,-,Conflicting reports,
389,MT-ND4,Atypical MELAS,m.12015T>C,12015,T,C,L419P,33.33%,2/49135,-,+,Reported,
43,MT-ND4,DM,m.12026A>G,12026,A,G,I423V,nd,<0.009,+,-,Reported,
213,MT-ND4,SZ-associated,m.12027T>C,12027,T,C,I423T,.,.,nr,nr,Reported,
348,MT-ND4,LHON synergistic combo 10680A + 12033G + 14258A,m.12033A>G,12033,A,G,N425S,68.89%,21/45494,+,-,Reported: individually neutral variants causing LHON in combination,
427,MT-ND4,Recurrent pregnancy loss,m.12063C>T,12063,C,T,T435I,42.22%,40/51192,nr,nr,Reported,
179,MT-ND5,DEAF1555 increased penetrance / LHON / MIDD,m.12338T>C,12338,T,C,M1T,71.11%,141/45494 HFHG,+,-,Conflicting reports,
548,MT-ND5,SNHL + neurodevelopmental delay,m.12350C>A,12350,C,A,T5N,33.00%,0/56910,-,+,Reported,
265,MT-ND5,Non-alcoholic fatty liver disease,m.12361A>G,12361,A,G,T9A,.,.,+,-,Reported,
210,MT-ND5,Altered brain pH / sCJD patients; AD risk in certain haplogroups,m.12372G>A,12372,G,A,L12L,.,.,+,-,Reported [B],
255,MT-ND5,"PD, early onset",m.12397A>G,12397,A,G,T21A,.,,+,-,Reported,
385,MT-ND5,EXIT,m.12414del,12414,T,:,frameshift,26.67%,0/48882,nr,nr,Reported,
241,MT-ND5,Mitochondrial myopathy & renal failure,m.12425del,12425,A,:,frameshift,.,0 / 2704,-,+,Cfrm [LP],2023.11.28
261,MT-ND5,Possible HCM susceptibility / PCOS patients,m.12477T>C,12477,T,C,S47S,97.78%,322/62556,+,-,Reported,
247,MT-ND5,Leigh Disease,m.12622G>A,12622,G,A,V96I,82.22%,10/59389,+,+,Conflicting reports,
310,MT-ND5,found in 2 sCJD patients,m.12631T>A,12631,T,A,S99T,H,0/30589,+,-,Reported,
115,MT-ND5,Thyroid Cancer Cell Line,m.12634A>G,12634,A,G,I100V,97.78%,147/51192,+,+,Reported,
428,MT-ND5,Recurrent pregnancy loss,m.12662A>G,12662,A,G,N109S,8.89%,73/51192,nr,nr,Reported,
375,MT-ND5,Dilated Cardiomyopathy,m.12686T>A,12686,T,A,F117Y,100%,0/47412,+,-,Reported,
448,MT-ND5,Possible protective factor for normal tension glaucoma,m.12705C>T,12705,C,T,I123I,29%,21242/51673,nr,nr,Reported,
84,MT-ND5,Leigh Disease,m.12706T>C,12706,T,C,F124L,H,<0.001,-,+,Cfrm [LP],2022.08.11
85,MT-ND5,MELAS,m.12770A>G,12770,A,G,E145G,H,<0.01,-,+,Reported [VUS],2023.11.28
376,MT-ND5,Dilated Cardiomyopathy,m.12778G>C,12778,G,C,G148R,100%,0/47412,+,-,Reported,
152,MT-ND5,LHON,m.12782T>G,12782,T,G,I149S,H,nr,-,+,Reported,
236,MT-ND5,Possible LHON factor,m.12811T>C,12811,T,C,Y159H,H,<0.014,+,-,Reported [B],
587,MT-ND5,LHON,m.12814G>T,12814,G,T,A160S,24.44%,3/61134,+,-,Reported,
129,MT-ND5,LHON,m.12848C>T,12848,C,T,A171V,H,<0.001,-,+,Reported [VUS],2023.11.28
536,MT-ND5,Unspecified suspected mitochondrial disorder,m.12858C>A,12858,C,A,Y174Term,95.56%,0/51836,nr,nr,Reported,Wong 2020 mRNA
584,MT-ND5,LHON/MELAS/LS,m.12923G>A,12923,G,A,W196Term,93%,0/61143,nr,nr,Reported,
433,MT-ND5,EXIT and developmental delay,m.12955A>G,12955,A,G,N207D,53.33%,0/51673,-,+,Reported,
156,MT-ND5,Optic neuropathy/ retinopathy/ LD,m.13042G>A,13042,G,A,A236T,H,<0.0001,-,+,Cfrm [LP],2022.06.30
86,MT-ND5,MELAS / LHON / Leigh overlap syndrome,m.13045A>C,13045,A,C,M237L,H,<0.01,-,+,Reported [VUS],2023.11.13
570,MT-ND5,MELAS,m.13045A>G,13045,A,G,M237V,100%,0/61168,-,+,Reported,
345,MT-ND5,LHON/MELAS overlap syndrome,m.13046T>C,13046,T,C,M237T,100%,0/50175,-,+,Cfrm [LP],2024.12.03
126,MT-ND5,LHON,m.13051G>A,13051,G,A,G239S,nd,0/30589,+,-,Cfrm [VUS*],2023.05.23
163,MT-ND5,Adult-onset Encephalopathy / Ataxia,m.13063G>A,13063,G,A,V243I,H,.,-,+,Reported [VUS],
44,MT-ND5,MELAS / Leigh Disease,m.13084A>T,13084,A,T,S250C,H,<0.012,-,+,Reported [VUS],2023.11.13
418,MT-ND5,MELAS+Migraine,m.13091T>C,13091,T,C,M252T,97.78%,0/50175,-,+,Reported,
191,MT-ND5,"Ataxia+PEO / MELAS, LD, LHON, myoclonus, fatigue",m.13094T>C,13094,T,C,V253A,H,0/42616,+,+,Cfrm [P],2022.08.11
263,MT-ND5,Possible HCM susceptibility / PCOS patients,m.13135G>A,13135,G,A,A267T,.,18 / 2704,+,-,Reported,
485,MT-ND5,Possible LHON modulator,m.13138G>A,13138,G,A,E268K,75.56%,0/51836,+,-,Reported,
383,MT-ND5,Peripheral neuropathy of T2 diabetes,m.13204G>A,13204,G,A,V290I,8.89%,40/48882,+,-,Reported,
596,MT-ND5,Possible ROS inducer-triggered lung cancer cell death,m.13268G>A,13268,G,A,G311E,100.00%,0/61883,nr,nr,Reported,
276,MT-ND5,Exercise intolerance (EXIT),m.13271T>C,13271,T,C,L312P,H,0 / 2704,-,+,Reported,
361,MT-ND5,MIDD+retinopathy,m.13276A>G,13276,A,G,M314V,78%,1441/46092 HFHG,+,-,Conflicting reports,
585,MT-ND5,MELAS,m.13289G>A,13289,G,A,G318D,98%,0/61143,nr,nr,Reported,
518,MT-ND5,LHON,m.13340T>C,13340,T,C,F335S,100%,0/51836,+,-,Reported,
487,MT-ND5,LHON,m.13345G>A,13345,G,A,A337T,97.78%,0/51836,+,-,Reported,
419,MT-ND5,MELAS w medial temporal lobe atrophy,m.13376T>C,13376,T,C,I347T,97.78%,0/51192,+,-,Reported,
153,MT-ND5,LHON,m.13379A>C,13379,A,C,H348P,97.78%,0/47412,+,-,Reported [VUS],
519,MT-ND5,LHON,m.13379A>G,13379,A,G,H348R,97.78%,0/51836,+,-,Cfrm [VUS*],2022.08.11
246,MT-ND5,Leigh-like syndrome,m.13511A>T,13511,A,T,K392M,H,<0 / 2704,-,+,Reported,
45,MT-ND5,Leigh Disease / MELAS / LHON-MELAS Overlap Syndrome / negative association w Carotid Atherosclerosis,m.13513G>A,13513,G,A,D393N,100%,1/47412,-,+,Cfrm [P],2022.04.13
46,MT-ND5,Leigh Disease / MELAS / Ca2+ downregulation,m.13514A>G,13514,A,G,D393G,nr,nr,-,+,Cfrm [LP],2022.08.11
47,MT-ND5,"LHON-like, LHON, MELAS",m.13528A>G,13528,A,G,T398A,nr,<0.008,+,-,Reported [LB],
564,MT-ND5,Found in MELAS patient,m.13565C>T,13565,C,T,S410F,26.70%,76/59389,+,-,Reported,
116,MT-ND5,Thyroid Cancer,m.13580C>G,13580,C,G,A415G,M,<0.008,-,+,Reported,
475,MT-ND5,Possible protective factor for high altitude sickness / PCOS patient,m.13590G>A,13590,G,A,L418L,68.89%,2829/51836,nr,nr,Reported,
588,MT-ND5,LHON,m.13615A>G,13615,A,G,I427V,80%,9/61134,-,+,Reported,
238,MT-ND5,Possible LHON factor,m.13637A>G,13637,A,G,Q434R,H,<0.014,+,-,Reported,
511,MT-ND5,Possible LHON helper (one 14484 patient),m.13702C>G,13702,C,G,R456G,97.78%,17/51836,nr,nr,Reported,
48,MT-ND5,LHON / Increased MS risk / higher freq in PD-ADS / PCOS patient,m.13708G>A,13708,G,A,A458T,33.33%,3666/51192 HFHG,+,+,Conflicting reports,
512,MT-ND5,Possible LHON helper (one 11778 patient),m.13712C>T,13712,C,T,A459V,6.67%,9/51836,nr,nr,Reported,
49,MT-ND5,LHON,m.13730G>A,13730,G,A,G465E,M,<0.026,-,+,Reported [VUS],2023.11.13
506,MT-ND5,Possible LHON factor,m.13759G>A,13759,G,A,A475T,2.22%,1918/51836,+,-,Reported,
117,MT-ND5,Thyroid Cancer Cell Line,m.13831C>A,13831,C,A,L499M,L,<0.008,-,+,Reported,
192,MT-ND5,MELAS,m.13849A>C,13849,A,C,N505H,M,<0.005,+,-,Reported - possibly secondary,
580,MT-ND5,Greater risk with hg X of end-stage kidney disease,m.13966A>G,13966,A,G,T544A,13.33%,849/61134,+,-,Reported,
239,MT-ND5,Possible LHON factor,m.13967C>T,13967,C,T,T544M,L,<0.014,+,-,Reported,
456,MT-ND5,High altitude pulmonary edema susceptibility,m.14002A>G,14002,A,G,T556A,28.89%,125/51673,+,-,Reported,
307,MT-ND5,Potentially functional variant cosegregating with LHON3635A,m.14063T>C,14063,T,C,I576T,.,.,+,-,Reported,
274,MT-ND5,"Developmental delay, seizure, hearing loss, diabetes",m.14091A>T,14091,A,T,K585N,.,0 / 2704,-,+,Reported,
266,MT-ND6,Possible deafness factor,m.14163C>T,14163,C,T,A171T,15.56%,13/59389,+,-,Conflicting reports,
429,MT-ND6,Recurrent pregnancy loss,m.14179A>G,14179,A,G,Y165Y,24.44%,260/51192,nr,nr,Reported,
349,MT-ND6,LHON synergistic combo 10680A + 12033G + 14258A  also combo 14258A + 14582G,m.14258G>A,14258,G,A,P139L,15.56%,22/45494,+,-,Reported: individually neutral variants causing LHON in combination,
430,MT-ND6,Recurrent pregnancy loss,m.14263C>T,14263,C,T,E137E,73.33%,6/51192,nr,nr,Reported,
125,MT-ND6,LHON,m.14279G>A,14279,G,A,S132L,M,<0.008,+,-,Reported,
256,MT-ND6,"PD, early onset",m.14319T>C,14319,T,C,N119D,.,1/2704,+,-,Reported,
127,MT-ND6,LHON,m.14325T>C,14325,T,C,N117D,nd,<0.0008,+,-,Reported,
95,MT-ND6,SNHL,m.14340C>T,14340,C,T,V112M,H,nr,+,-,Reported,
502,MT-ND6,Possible association with sepsis,m.14342C>A,14342,C,A,G111V,46.67%,0/51836,-,+,Reported,
549,MT-ND6,SNHL + neurodevelopmental delay,m.14351T>C,14351,T,C,E108G,13.33%,2/56910,-,+,Reported,
578,MT-ND6,Leigh Syndrome,m.14430A>C,14430,A,C,W82G,97.78%,0/61134,-,+,Reported,
118,MT-ND6,Thyroid Cancer / Leigh Syndrome,m.14430A>G,14430,A,G,W82R,97.78%,0/51836,+,-,Reported,
313,MT-ND6,LS / Mitochondrial Respiratory Chain Disorder,m.14439G>A,14439,G,A,P79S,H,0 / 30589,+,-,Reported,
401,MT-ND6,Leigh-like phenotype,m.14441T>C,14441,T,C,Y78C,93.33%,0/50175,nr,nr,Reported,
50,MT-ND6,MELAS / Leigh Disease,m.14453G>A,14453,G,A,A74V,93.33%,0/56433,-,+,Cfrm [LP],2022.08.11
51,MT-ND6,LDYT / Leigh Disease / dystonia / carotid atherosclerosis risk,m.14459G>A,14459,G,A,A72V,88.89%,3/47412,+,+,Cfrm [P],2022.04.13
524,MT-ND6,LHON / various supected mitochondrial disease,m.14465G>A,14465,G,A,T70I,88.89%,0/51836,-,+,Cfrm [LP],2025.01.13
52,MT-ND6,LHON,m.14482C>A,14482,C,A,M64I,31.11%,2/54594,+,+,Cfrm [LP],2022.08.11
53,MT-ND6,LHON,m.14482C>G,14482,C,G,M64I,31.11%,0/54594,+,+,Cfrm [LP],2022.07.11
54,MT-ND6,LHON,m.14484T>C,14484,T,C,M64V,M,<0.3,+,+,Cfrm [P],2022.09.12
81,MT-ND6,Dystonia / Leigh Disease / ataxia / ptosis / epilepsy,m.14487T>C,14487,T,C,M63V,97.78%,0/51863,-,+,Cfrm [P],2022.08.08
55,MT-ND6,LHON,m.14495A>G,14495,A,G,L60S,+,<0.004,-,+,Cfrm [LP],2022.08.11
56,MT-ND6,LHON,m.14498T>C,14498,T,C,Y59C,98%,<0.006,+,+,Reported,
214,MT-ND6,LHON,m.14502T>C,14502,T,C,I58V,77.78%,168/45494,+,-,Reported - possibly synergistic,
416,MT-ND6,EXIT w mild myopathy & hyperCKaemia,m.14512_14513del,14512,TA,:,frameshift,77.33%,0/50175,-,+,Cfrm [LP],2023.12.21
386,MT-ND6,DMDF,m.14535_14536insC,14535,C,CC,frameshift,nr,0/48882,nr,nr,Reported,
520,MT-ND6,LHON,m.14538A>G,14538,A,G,F46L,51.11%,0/51836,+,-,Reported,
57,MT-ND6,LHON,m.14568C>T,14568,C,T,G36S,M,<0.006,+,-,Cfrm [LP],2022.08.11
168,MT-ND6,MIDM,m.14577T>C,14577,T,C,I33V,M,<0.002,-,+,Reported,
350,MT-ND6,LHON synergistic combo 14258A + 14582G,m.14582A>G,14582,A,G,V31A,33.33%,232/45494,+,-,Reported: individually neutral variants causing LHON in combination,
58,MT-ND6,LHON with hereditary spastic dystonia,m.14596A>T,14596,A,T,I26M,84%,0/61168,+,-,Reported [VUS],
404,MT-ND6,LHON / LS,m.14597A>G,14597,A,G,I26T,84%,0/61168,-,+,Cfrm [LP],2023.08.14
568,MT-ND6,PD / LS,m.14598T>C,14598,T,C,I26V,84%,7/61168,+,-,Reported [VUS],
164,MT-ND6,Leigh Disease w/optic atrophy / mouse model,m.14600G>A,14600,G,A,P25L,97.78%,0/61883,+,+,Reported,
203,MT-ND6,Depressive disorder associated; reduced risk of esophageal cancer  [D1-D2-D3-D4 marker],m.14668C>T,14668,C,T,M2M,24.44%,2437/62556,+,-,Reported,
474,MT-CYB,Possible role in high altitude sickness,m.14783T>C,14783,T,C,L13L,17.78%,11046/51836,nr,nr,Reported,
59,MT-CYB,PD / MELAS,m.14787_14790del,14787,TTAA,:,frameshift,.,.,-,+,Cfrm [LP],2023.12.11
142,MT-CYB,LHON,m.14831G>A,14831,G,A,A29T,M,<0.01,+,-,Reported,
215,MT-CYB,LHON helper mut.,m.14841A>G,14841,A,G,N32S,H,<0.0005,-,+,Reported,
60,MT-CYB,"EXIT / possibly antiatherogenic, poss. myocardial infarction association",m.14846G>A,14846,G,A,G34S,100%,0/47412,-,+,Reported [VUS],
61,MT-CYB,EXIT / Septo-Optic Dysplasia,m.14849T>C,14849,T,C,S35P,H,<0.01,-,+,Cfrm [VUS*],2022.08.11
289,MT-CYB,MELAS,m.14864T>C,14864,T,C,C40R,H,2/26850,-,+,Reported,2018.04.18
373,MT-CYB,LHON,m.14894T>C,14894,T,C,F50L,98%,8/47412,nr,nr,Reported,
538,MT-CYB,LHON,m.14970A>G,14970,A,G,Y75C,97.78%,7/51836,nr,nr,Reported,
235,MT-CYB,Possible DEAF modifier,m.15024G>A,15024,G,A,C93Y,H,<0.002,+,-,Reported,
204,MT-CYB,MDD-associated / possible factor in high altitude sickness / PCOS patient,m.15043G>A,15043,G,A,G99G,.,.,+,-,Reported,
62,MT-CYB,MM / carotid atherosclerosis risk / essential hypertension,m.15059G>A,15059,G,A,G105Term,97.78%,0/47412,-,+,Reported,
480,MT-CYB,Mitochondrial Respiratory Chain Disorder,m.15060G>A,15060,G,A,G105E,97.78%,0/51836,+,-,Reported,
200,MT-CYB,DEAF / LHON / helper mutation for maternally inherited hypertension / PCOS patient,m.15077G>A,15077,G,A,E111K,H,<0.0019,+,-,Reported,
63,MT-CYB,EXIT,m.15084G>A,15084,G,A,W113Term,nr,nr,-,+,Reported,
288,MT-CYB,MELAS,m.15092G>A,15092,G,A,G116S,100%,0/62556,-,+,Reported,
64,MT-CYB,EXIT,m.15150G>A,15150,G,A,W135Term,+,<0.007,-,+,Cfrm [LP],2024.01.08
393,MT-CYB,Suspected mito disease,m.15153G>A,15153,G,A,G136D,100%,6/49135,-,+,Reported,
394,MT-CYB,Suspected mito disease,m.15158A>G,15158,A,G,M138V,100%,0/49135,-,+,Reported,
72,MT-CYB,EXIT,m.15168G>A,15168,G,A,W141Term,nr,nr,-,+,Reported,
291,MT-CYB,EXIT,m.15170G>A,15170,G,A,G142Term,nr,<0/26850,-,+,Reported,
65,MT-CYB,EXIT,m.15197T>C,15197,T,C,S151P,+,<0.007,-,+,Reported [VUS],
503,MT-CYB,Possible factor in sepsis,m.15200G>T,15200,G,T,A152S,100.00%,0/51836,-,+,Reported,
292,MT-CYB,Prader-Willi syndrome,m.15209T>C,15209,T,C,Y155H,H,3/26850,+,-,Reported,
582,MT-CYB,MELAS,m.15215G>A,15215,G,A,G157Term,100%,0/61143,nr,nr,Reported,
486,MT-CYB,Possible LHON modulator,m.15218A>G,15218,A,G,T158A,80%,904/51836,+,-,Reported,
398,MT-CYB,Leigh stroke-like leukodystrophy,m.15234G>A,15234,G,A,W163Term,100%,0/50175,nr,nr,Reported,
513,MT-CYB,Possible LHON helper (one 11778 patient),m.15236A>G,15236,A,G,I164V,73.22%,835/51836,nr,nr,Reported,
308,MT-CYB,Potentially functional variant cosegregating with LHON3635A,m.15237T>C,15237,T,C,I164T,73.33%,6/50175,+,-,Reported,
66,MT-CYB,Mitochondrial Encephalomyopathy,m.15242G>A,15242,G,A,G166Term,H,nr,-,+,Cfrm [LP],2024.01.08
67,MT-CYB,HCM,m.15243G>A,15243,G,A,G166E,H,<0.02,-,+,Reported,
481,MT-CYB,Mitochondrial Respiratory Chain Disorder,m.15246G>A,15246,G,A,G167D,97.78%,0/51836,-,+,Reported,
384,MT-CYB,Peripheral neuropathy of T2 diabetes,m.15256A>G,15256,A,G,V170V,95.56%,4/48882,+,-,Reported,
68,MT-CYB,LHON,m.15257G>A,15257,G,A,D171N,95.56%,734/47412 HFHG,+,-,Conflicting reports,
217,MT-CYB,Possible DEAF helper mut.,m.15287T>C,15287,T,C,F181L,82%,73/47412,-,+,Reported; hg I6a & H10c marker,
473,MT-CYB,"Possible factor in high altitude sickness, LHON",m.15301G>A,15301,G,A,L185L,95.56%,14736/51836,nr,nr,Reported,
514,MT-CYB,Possible LHON helper (one 11778 patient),m.15324C>G,15324,C,G,A193G,44.44%,0/51836,nr,nr,Reported,
597,MT-CYB,HCM +LA +elevated CSF lactate,m.15347C>T,15347,C,T,H201Y,100.00%,0/61883,-,+,Reported,
504,MT-CYB,Possible sepsis factor,m.15350G>A,15350,G,A,E202K,97.78%,0/51836,-,+,Reported,
237,MT-CYB,Possible LHON factor,m.15395A>G,15395,A,G,K217E,95.56%,2/50175,+,-,Reported,
476,MT-CYB,Possible role in high altitude sickness,m.15436C>A,15436,C,A,L230L,93.33%,2/51836,nr,nr,Reported,
283,MT-CYB,Isolated complex III deficiency,m.15453T>C,15453,T,C,L236P,42.22%,10/50175,+,-,Reported,
586,MT-CYB,Suspected mitochondrial disorder,m.15485C>T,15485,C,T,P247S,100%,0/61143,nr,nr,Reported,
93,MT-CYB,EXIT / Obesity,m.15497G>A,15497,G,A,G251S,88.89%,217/50175,+,-,Reported,
69,MT-CYB,DEAF / Infantile histiocytoid cardiomyopathy,m.15498G>A,15498,G,A,G251D,H,nr,-,+,Reported,
70,MT-CYB,EXIT,m.15498_15521del,15498,24bp_deletion,,GDPDNYTL-del,nr,nr,-,+,Reported,
79,MT-CYB,"Multisystem Disorder, EXIT",m.15579A>G,15579,A,G,Y278C,H,0/26850,-,+,Cfrm [VUS*],2022.07.11
71,MT-CYB,EXIT / Antimycin resistance,m.15615G>A,15615,G,A,G290D,H,<0.00667,-,+,Reported [VUS],
337,MT-CYB,Leigh Syndrome helper mut,m.15620C>A,15620,C,A,L292I,H,0/32059,-,+,Reported,
290,MT-CYB,Polyvisceral failure / adult Leigh syndrome,m.15635T>C,15635,T,C,S297P,100%,2/61883,+,+,Reported,
293,MT-CYB,"Multisystem Disorder, EXIT",m.15649_15666del,15649,18bp_deletion,,ILAMIP-del,nr,<0/26850,-,+,Reported,
232,MT-CYB,Complex mitochondriopathy-associated,m.15662A>G,15662,A,G,I306V,N,0 / 120,+,+,Reported,
154,MT-CYB,LHON,m.15674T>C,15674,T,C,S310P,H,nr,+,-,Reported,
231,MT-CYB,Possibly LVNC cardiomyopathy-associated,m.15693T>C,15693,T,C,M316T,H,12 / 2704,+,-,Reported,
135,MT-CYB,Muscle Weakness SNHL and Migraine,m.15699G>C,15699,G,C,R318P,H,<0.01,-,+,Reported,
73,MT-CYB,EXIT,m.15723G>A,15723,G,A,W326Term,nr,nr,-,+,Reported,
223,MT-CYB,MM,m.15761G>A,15761,G,A,G339Term,.,.,,+,Reported,
74,MT-CYB,MM,m.15762G>A,15762,G,A,G339E,H,<0.01,-,+,Reported,
174,MT-CYB,LHON,m.15773G>A,15773,G,A,V343M,H,52/47412,+,-,Reported - possibly synergistic,
316,MT-CYB,POAG - potential for association,m.15784T>C,15784,T,C,P346P,H,1054/32059,+,-,Reported,
180,MT-CYB,EXIT / Myopathy,m.15800C>T,15800,C,T,Q352Term,nr,nr,-,+,Reported,
372,MT-CYB,Fibromyalgia,m.15804T>C,15804,T,C,V353A,31.11%,27/47412,+,-,Reported,
75,MT-CYB,LHON,m.15812G>A,15812,G,A,V356M,24.44%,457/47412,+,-,Reported / Secondary,
561,MT-CR,Possible susceptibility to bullous pemphigoid / PCOS patients,m.16051A>G,16051,A,G,noncoding,NA,1530/59389,nr,nr,Reported,
302,MT-CR,Cyclic Vomiting Syndrome/ PCOS patients,m.16081A>G,16081,A,G,noncoding,.,.,-,+,Reported,
301,MT-CR,Cyclic Vomiting Syndrome / Increased risk of breast cancer,m.16093T>C,16093,T,C,noncoding,.,.,-,+,Reported,
300,MT-CR,Cyclic Vomiting Syndrome with Migraine,m.16129G>A,16129,G,A,noncoding,.,.,-,+,Reported,
562,MT-CR,Possible susceptibility to bullous pemphigoid,m.16162A>G,16162,A,G,noncoding,NA,1098/59389,nr,nr,Reported,
299,MT-CR,Cyclic Vomiting Syndrome with Migraine / PCOS patient,m.16176C>T,16176,C,T,noncoding,.,.,-,+,Reported,
296,MT-CR,Melanoma patients,m.16183A>C,16183,A,C,noncoding,.,.,nr,+,Reported,
505,MT-CR,Possible association with sepsis,m.16188_16189insC,16188,C,CC,noncoding,.,0/51836,-,+,Reported,
76,MT-CR,Diabetes / Cardiomyopathy /cancer risk / mtDNA copy nbr / Metabolic Syndrome / Melanoma patients,m.16189T>C,16189,T,C,noncoding,.,<0.01,+,-,Reported,
297,MT-CR,Melanoma patients / PCOS patients,m.16192C>T,16192,C,T,noncoding,.,.,nr,nr,Reported,
353,MT-CR,Endometriosis,m.16217T>C,16217,T,C,noncoding,.,3355/46092,+,-,Reported,
563,MT-CR,Possible susceptibility to bullous pemphigoid,m.16263T>C,16263,T,C,noncoding,NA,570/59389,nr,nr,Reported,
298,MT-CR,Melanoma patients / PCOS patients,m.16270C>T,16270,C,T,noncoding,.,.,nr,nr,Reported,
573,MT-CR,Protective factor for stroke risk (hg V),m.16298T>C,16298,T,C,noncoding,.,4078/61168,nr,nr,Reported,
209,MT-CR,BD-associated,m.16300A>G,16300,A,G,noncoding,.,.,+,-,Reported,
340,MT-CR,Non-alcoholic steatohepatitis - potential for association,m.16318A>C,16318,A,C,noncoding,.,85/37545,nr,nr,Reported,
317,MT-CR,POAG - potential for association,m.16390G>A,16390,G,A,noncoding,.,1865/32059,+,-,Reported,
257,MT-CR,Cyclic Vomiting Syndrome with Migraine /metastasis,m.16519=,16519,T,T,noncoding,.,752 / 2704,+,-,Reported,
