id,locus,dz,allele,position,refna,regna,rna,cons,contr,homo,hetero,status,cfrm_date
416,MT-CR,Hearing loss patient,A576G,576,A,G,noncoding MT-TF precursor,x,3/51836,nr,nr,Reported,
378,MT-TF,Unspecified patient from clinical lab / MS,T578C,578,T,C,tRNA Phe,91.11%,0/50175,nr,+,Reported [VUS-],
109,MT-TF,Mitochondrial myopathy,T582C,582,T,C,tRNA Phe,H,<.01,-,+,Reported,
1,MT-TF,MELAS / MM & EXIT,G583A,583,G,A,tRNA Phe,95.56%,0/56910,-,+,Cfrm [VUS*],2022.10.10
233,MT-TF,"Extrapyramidal disorder with akinesia-rigidity, psychosis and SNHL",G586A,586,G,A,tRNA Phe,H,0 / 2704,-,+,Reported [VUS],
389,MT-TF,EXIT+ataxia+RP,A590G,590,A,G,tRNA Phe,100.00%,0/51673,-,+,Reported [VUS],
466,MT-TF,Gitelman-like syndrome,C591T,591,C,T,tRNA Phe,11.11%,0/56910,+,+,Cfrm [LP],2024.07.22
359,MT-TF,Nonsyndromic hearing loss / LHON / PCOS patient,T593C,593,T,C,tRNA Phe,33.33%,194/47412,+,-,Reported,
269,MT-TF,Axial myopathy with encephalopathy,C602T,602,C,T,tRNA Phe,H / M,0 / 2704,-,+,Reported,
2,MT-TF,Myoglobinuria,A606G,606,A,G,tRNA Phe,28.89%,22/59389,+,+,Unclear,
3,MT-TF,Tubulo-interstitial nephritis,A608G,608,A,G,tRNA Phe,+,<0.01,+,-,Reported [VUS],
113,MT-TF,MERRF,G611A,611,G,A,tRNA Phe,100%,0/61134,-,+,Reported [VUS],
237,MT-TF,Maternally inherited epilepsy / mito tubulointerstitial kidney disease (MITKD) / Gitelman-like syndrome,T616C,616,T,C,tRNA Phe,100%,1/51836,+,+,Cfrm [LP],2022.06.13
161,MT-TF,Maternally inherited epilepsy,T616G,616,T,G,tRNA Phe,100%,0/61134,+,+,Reported [VUS],
331,MT-TF,Carotid artery stenosis,G617A,617,G,A,tRNA Phe,H,0/32059,-,+,Reported,
4,MT-TF,MM,T618C,618,T,C,tRNA Phe,26.67%,<1 / 140,-,+,Reported [VUS],
278,MT-TF,Ptosis CPEO MM & EXIT,T618G,618,T,G,tRNA Phe,H,<1 / 2704,-,+,Reported,
129,MT-TF,EXIT & Deafness,G622A,622,G,A,tRNA Phe,H,0/51192,-,+,Reported [VUS],
274,MT-TF,SNHL & Epilepsy,G625A,625,G,A,tRNA Phe,97.78%,0 / 2704,-,+,Reported,
319,MT-TF,DEAF,C628T,628,C,T,tRNA Phe,M/L,3/32059,-,+,Reported,
169,MT-TF,DEAF,A636G,636,A,G,tRNA Phe,+,<0.0025,+,-,Reported,
364,MT-TF,Epileptic Encephalopathy,A641T,641,A,T,tRNA Phe,92.22%,0/48882,-,+,Reported,
167,MT-TF,"Ataxia, PEO, deafness",T642C,642,T,C,tRNA Phe,.,<0.003,-,+,Reported,
467,MT-TF,Gitelman-like syndrome,A643G,643,A,G,tRNA Phe,84.40%,0/56910,+,-,Reported,
340,MT-RNR1,Atherosclerosis risk,G653del,653,G,:,12S rRNA,95.56%,0/47412,-,+,Reported,
352,MT-RNR1,Atherosclerosis study,G653GG,653,G,GG,12S rRNA,95.56%,0/47412,-,+,Reported,
267,MT-RNR1,Coronary atherosclerosis risk,A663G,663,A,G,12S rRNA,H,86 / 2704,+,-,Reported,
178,MT-RNR1,DEAF,T669C,669,T,C,12S rRNA,L,<0.0004,+,-,Reported,
197,MT-RNR1,Possibly LVNC-associated,T721C,721,T,C,12S rRNA,M,5 / 2704,+,-,Reported,
263,MT-RNR1,DEAF,A735G,735,A,G,12S rRNA,.,.,nr,nr,Reported,
219,MT-RNR1,DEAF-associated,A745G,745,A,G,12S rRNA,H,0 / 449,+,-,Reported,
482,MT-RNR1,DEAF-associated,A747G,747,A,G,12S rRNA,93.33%,10/61134,+,-,Reported,
198,MT-RNR1,SZ-associated,A750A,750,A,A,12S rRNA,.,.,+,-,Reported,
444,MT-RNR1,Possible association with sepsis,T773C,773,T,C,12S rRNA,22.22%,4/51836,-,+,Reported,
220,MT-RNR1,Increased risk of nonsyndromic deafness,C792T,792,C,T,12S rRNA,H,0 / 449,+,-,Reported,
221,MT-RNR1,DEAF-associated,A801G,801,A,G,12S rRNA,H,0 / 449,+,-,Reported,
64,MT-RNR1,DEAF,A827G,827,A,G,12S rRNA,97.78%,1082/45494 HFHG,+,-,Conflicting reports,
222,MT-RNR1,DEAF-associated,A839G,839,A,G,12S rRNA,H,0 / 449,+,-,Reported,
199,MT-RNR1,Possibly LVNC-associated,T850C,850,T,C,12S rRNA,.,2 / 2704,+,-,Reported,
183,MT-RNR1,LHON helper / AD / DEAF-associated,A856G,856,A,G,12S rRNA,+,<0.0019,+,-,Reported,
270,MT-RNR1,found in 1 HCM patient,C869T,869,C,T,12S rRNA,.,73/51836,+,-,Reported,
200,MT-RNR1,Possibly LVNC-associated,T921C,921,T,C,12S rRNA,N,18 / 2704,+,-,Reported,
445,MT-RNR1,Possible association with sepsis,A955C,955,A,C,12S rRNA,11.11%,3/51836,-,+,Reported,
211,MT-RNR1,Possibly DEAF-associated,C960del,960,C,:,12S rRNA,N,.,+,-,Reported,
212,MT-RNR1,Possibly DEAF-associated,C960CC,960,C,CC,12S rRNA,N,1 / 155,+,-,Reported,
107,MT-RNR1,"DEAF, possibly LVNC-associated",T961C,961,T,C,12S rRNA,22.22%,542/59389 HFHG,+,-,Unclear,
104,MT-RNR1,DEAF / AD-associated / intellectual disability,T961delT+ / -C(n)ins,961,T,CC,12S rRNA,+,nd,+,+,Reported [LB],
213,MT-RNR1,Possibly DEAF-associated,T961G,961,T,G,12S rRNA,22.22%,215/59389 HFHG,+,-,Unclear,
110,MT-RNR1,DEAF,T965TC,965,C,CC,12S rRNA,37.78%,1/59389,+,-,Unclear,
209,MT-RNR1,Possible DEAF risk factor,G988A,988,G,A,12S rRNA,+,43/51836,nr,nr,Reported,
170,MT-RNR1,DEAF,T990C,990,T,C,12S rRNA,+,<0.0025,+,-,Reported,
120,MT-RNR1,DEAF,T1005C,1005,T,C,12S rRNA,57.78%,263/59389 HFHG,+,-,Unclear,
223,MT-RNR1,DEAF-associated,A1027G,1027,A,G,12S rRNA,H,0 / 449,+,-,Reported [VUS],
5,MT-RNR1,SNHL,T1095C,1095,T,C,12S rRNA,57.78%,263/59389 HFHG,+,+,Unclear,
121,MT-RNR1,DEAF,A1116G,1116,A,G,12S rRNA,+,<0.007,+,-,Reported,
397,MT-RNR1,Possible role in high altitude sickness,T1119C,1119,T,C,12S rRNA,40%,290/51836,nr,nr,Reported,
214,MT-RNR1,Possibly DEAF-associated,T1180G,1180,T,G,12S rRNA,H,0 / 226,+,-,Reported,
224,MT-RNR1,DEAF-associated,C1192A,1192,C,A,12S rRNA,H,0 / 449,+,-,Reported,
225,MT-RNR1,DEAF-associated,C1192T,1192,C,T,12S rRNA,H,0 / 449,+,-,Reported,
215,MT-RNR1,Possibly DEAF-associated,C1226G,1226,C,G,12S rRNA,H,0 / 226,+,-,Reported,
492,MT-RNR1,Translation disruption in cancer cells,G1227A,1227,G,A,12S rRNA,100%,0/62556,-,+,Reported,
162,MT-RNR1,DEAF,T1291C,1291,T,C,12S rRNA,0.2,55/59389,+,-,Unclear,
226,MT-RNR1,DEAF-associated,C1310T,1310,C,T,12S rRNA,H,0 / 449,+,-,Reported,
227,MT-RNR1,DEAF-associated,A1331G,1331,A,G,12S rRNA,H,0 / 449,+,-,Reported,
344,MT-RNR1,DEAF,T1349G,1349,T,G,12S rRNA,84.40%,0/47412,-,+,Reported,
228,MT-RNR1,DEAF-associated,A1374G,1374,A,G,12S rRNA,H,0 / 449,+,-,Reported,
456,MT-RNR1,Longevity / T2D susceptibility,A1382C,1382,A,C,12S rRNA,66.67%,163/51836,+,-,Reported,
271,MT-RNR1,found in 1 HCM patient,T1391C,1391,T,C,12S rRNA,24.44%,133/51192,+,+,Reported,
483,MT-RNR1,DEAF-associated,T1413C,1413,T,C,12S rRNA,42.22%,82/61134,+,-,Reported,
345,MT-RNR1,DEAF,T1420G,1420,T,G,12S rRNA,26.67%,0/47412,+,+,Reported,
201,MT-RNR1,SZ-associated,A1438A,1438,A,A,12S rRNA,.,.,+,-,Reported,
229,MT-RNR1,DEAF-associated,T1452C,1452,T,C,12S rRNA,H,0 / 449,+,-,Reported,
210,MT-RNR1,Possible DEAF risk factor,A1453G,1453,A,G,12S rRNA,.,0 / 500,nr,nr,Reported,
346,MT-RNR1,DEAF,A1492C,1492,A,C,12S rRNA,97.78%,0/47412,-,+,Reported,
103,MT-RNR1,DEAF,C1494T,1494,C,T,12S rRNA,H,<0.003,+,-,Cfrm [LP],2022.06.27
153,MT-RNR1,DEAF,A1517C,1517,A,C,12S rRNA,H,<0.01,-,+,Reported,
179,MT-RNR1,DEAF; intellectual disability,C1537T,1537,C,T,12S rRNA,L,<0.0004,+,-,Reported,
347,MT-RNR1,DEAF,A1544T,1544,A,T,12S rRNA,35.56%,0/47412,+,-,Reported,
348,MT-RNR1,DEAF,A1546T,1546,A,T,12S rRNA,22.22%,0/47412,+,-,Reported,
349,MT-RNR1,DEAF,G1554A,1554,G,A,12S rRNA,97.78%,0/47412,+,-,Reported,
8,MT-RNR1,DEAF; autism spectrum intellectual disability; possibly antiatherosclerotic,A1555G,1555,A,G,12S rRNA,86.67%,70/47412,+,+,Cfrm [P],2022.12.15
272,MT-RNR1,found in 1 HCM patient,C1556T,1556,C,T,12S rRNA,.,0 / 2704,+,-,Reported,
350,MT-RNR1,DEAF,T1575G,1575,T,G,12S rRNA,37.78%,0/47412,+,-,Reported,
351,MT-RNR1,DEAF,T1577G,1577,T,G,12S rRNA,97.78%,0/47412,-,+,Reported,
9,MT-TV,AMDF / retinal degeneration,G1606A,1606,G,A,tRNA Val,71.10%,0/61883,-,+,Cfrm [VUS*],2022.08.11
287,MT-TV,Suspected mito disease,T1607C,1607,T,C,tRNA Val,.,0 / 2704,+,+,Reported,
475,MT-TV,Leigh Sydrome / Parkinsonism with dystonia,G1608A,1608,G,A,tRNA Val,73.33%,1/61118,-,+,Reported,
396,MT-TV,LVNC (left ventricular noncompaction),C1612T,1612,C,T,tRNA Val,0%,0/51673,+,-,Reported as VUS,
337,MT-TV,MELAS,A1616G,1616,A,G,tRNA Val,86.70%,0/45494,nr,nr,Reported,
10,MT-TV,Leigh Syndrome,C1624T,1624,C,T,tRNA Val,97.78%,0/61134,+,-,Cfrm [LP],2024.09.24
244,MT-TV,MNGIE-like disease / MELAS / epilepsy,A1630G,1630,A,G,tRNA Val,L but anticodon stem,0 / (2704+300),-,+,Cfrm [VUS*],2022.11.14
487,MT-TV,"Global developmental delay, CMT disease, progressive myoclonic epilepsy, paroxysmal arrhythmia, and brain atrophy",A1636G,1636,A,G,tRNA Val,97.78%,0/61134,-,+,Reported,
457,MT-TV,MELAS,A1640G,1640,A,G,tRNA Val,80%,2/51836,+,+,Reported,
11,MT-TV,MELAS,G1642A,1642,G,A,tRNA Val,H,<.01,-,+,Reported,
284,MT-TV,Late infantile onset fatal mito disease,A1643G,1643,A,G,tRNA Val,M,0 / 2704,+,+,Reported,
273,MT-TV,Leigh Syndrome / HCM / MELAS,G1644A,1644,G,A,tRNA Val,91.11%,0/54594,-,+,Cfrm [LP],2020.08.20
12,MT-TV,Adult Leigh Syndrome,G1644T,1644,G,T,tRNA Val,91.11%,0/51192,-,+,Reported,
125,MT-TV,Movement Disorder,T1659C,1659,T,C,tRNA Val,H,<.01,-,+,Reported [VUS],
393,MT-TV,Charcot Marie Tooth (CMT),A1661G,1661,A,G,tRNA Val,73.33%,1/51673,+,-,Reported [VUS],
453,MT-RNR2,Possible association with sepsis,A2156AA,2156,A,AA,16S rRNA,68.89%,197/51836,-,+,Reported,
375,MT-RNR2,Reduced risk PD,T2158C,2158,T,C,16S rRNA,28.89%,200/50178,nr,nr,Reported,
371,MT-RNR2,Hypertrophic cardiomyopathy,T2336C,2336,T,C,16S rRNA,68.89%,0/48882,+,-,Reported,
202,MT-RNR2,Possibly LVNC-associated / fibromyalgia / PCOS patient,T2352C,2352,T,C,16S rRNA,.,52 / 2704,+,-,Reported,
203,MT-RNR2,Possibly LVNC-associated,G2361A,2361,G,A,16S rRNA,N,4 / 2704,+,-,Reported,
447,MT-RNR2,Possible association with sepsis,G2492A,2492,G,A,16S rRNA,100.00%,1/51836,-,+,Reported,
312,MT-RNR2,Rare mutation in a single POAG patient,C2639A,2639,C,A,16S rRNA,17.78%,1/51192,+,-,Reported,
489,MT-RNR2,Proposed hg-specific mitigation of APOE4 pathogenicity,C2639T,2639,C,T,16S rRNA,17.78%,157/61883,+,-,Reported,
448,MT-RNR2,Possible association with sepsis,G2647A,2647,G,A,16S rRNA,88.89%,1/51836,-,+,Reported,
387,MT-RNR2,Rett Syndrome,T2648C,2648,T,C,16S rRNA,86.67%,0/51673,nr,nr,Reported,
368,MT-RNR2,Increased risk of T2DM in haplogroup H,A2706A,2706,A,A,16S rRNA,84.44%,10101/48882,+,-,Reported,
204,MT-RNR2,Possibly LVNC-associated / PCOS patient,A2755G,2755,A,G,16S rRNA,.,10 / 2704,+,-,Reported,
449,MT-RNR2,Possible association with sepsis,T2806A,2806,T,A,16S rRNA,86.67%,0/51836,-,+,Reported,
13,MT-RNR2,Rett Syndrome,C2835T,2835,C,T,16S rRNA,+,<0.033,-,+,Reported,
266,MT-RNR2,Cyclic Vomiting Syndrome with Migraine / high altitude adaptation,G3010A,3010,G,A,16S rRNA,L,550 / 2154,+,-,Reported,
450,MT-RNR2,Possible association with sepsis,G3054A,3054,G,A,16S rRNA,95.56%,0/51836,-,+,Reported,
177,MT-RNR2,Myopathy,G3090A,3090,G,A,16S rRNA,H,<.0003,-,+,Reported,
14,MT-RNR2,MELAS,C3093G,3093,C,G,16S rRNA,97.78%,0/51192,-,+,Reported,
451,MT-RNR2,Possible association with sepsis,T3096C,3096,T,C,16S rRNA,100.00%,13/51836,-,+,Reported,
452,MT-RNR2,Possible association with sepsis,T3098C,3098,T,C,16S rRNA,100.00%,0/51836,-,+,Reported,
311,MT-RNR2,Migraine,A3111T,3111,A,T,16S rRNA,L,6/30569,+,-,Reported,
15,MT-RNR2,ADPD,G3196A,3196,G,A,16S rRNA,2.22%,13/51192,+,+,Reported,
163,MT-TL1,Sporadic bilateral optic neuropathy / hearing loss,A3236G,3236,A,G,tRNA Leu (UUR),H,<.006,nr,nr,Reported,
122,MT-TL1,MM / HCM+renal tubular dysfunction,G3242A,3242,G,A,tRNA Leu (UUR),97.78%,0/51192,+,+,Cfrm [LP],2024.11.11
16,MT-TL1,MELAS / Leigh Syndrome / DMDF / MIDD / SNHL / CPEO / MM / FSGS / ASD / Cardiac+multi-organ dysfunction,A3243G,3243,A,G,tRNA Leu (UUR),97.78%,9/51192,-,+,Cfrm [P],2020.07.29
18,MT-TL1,MM / MELAS / SNHL / CPEO,A3243T,3243,A,T,tRNA Leu (UUR),H,<.02,-,+,Cfrm [LP],2022.10.10
123,MT-TL1,MELAS,G3244A,3244,G,A,tRNA Leu (UUR),95.56%,6/51192,-,+,Reported,
20,MT-TL1,KSS,G3249A,3249,G,A,tRNA Leu(UUR),+,<.01,-,+,Reported [VUS],
21,MT-TL1,MM / CPEO / cardiomyopathy,T3250C,3250,T,C,tRNA Leu (UUR),L,1/51836,-,+,Reported,
22,MT-TL1,MM / MELAS with chorea-ballism,A3251G,3251,A,G,tRNA Leu (UUR),93.33%,0/51192,-,+,Cfrm [LP],2024.04.22
23,MT-TL1,MELAS,A3252G,3252,A,G,tRNA Leu (UUR),100.00%,0/51192,-,+,Cfrm [LP],2024.09.09
288,MT-TL1,EXIT,A3252T,3252,A,T,tRNA Leu (UUR),.,0 / 2704,-,+,Reported,
336,MT-TL1,Maternally inherited hypertension,T3253C,3253,T,C,tRNA Leu (UUR),H,6/37545,+,-,Reported,
172,MT-TL1,Gestational Diabetes (GDM),C3254A,3254,C,A,tRNA Leu (UUR),H,<0.003,-,+,Reported,
24,MT-TL1,MM,C3254G,3254,C,G,tRNA Leu (UUR),H,<0.01,-,+,Reported,
124,MT-TL1,CPEO / diabetes / poss. hypertension factor,C3254T,3254,C,T,tRNA Leu (UUR),6.67%,21/62556,+,-,Reported,
116,MT-TL1,MERRF / KSS overlap,G3255A,3255,G,A,tRNA Leu (UUR),100%,0/61134,-,+,Cfrm [LP],2024.04.22
25,MT-TL1,MELAS; possible atherosclerosis risk,C3256T,3256,C,T,tRNA Leu (UUR),97.78%,0/47412,-,+,Cfrm [LP],2023.05.18
26,MT-TL1,MELAS / Myopathy,T3258C,3258,T,C,tRNA Leu (UUR),H,1/37545,-,+,Cfrm [LP],2022.08.08
27,MT-TL1,MMC / MELAS,A3260G,3260,A,G,tRNA Leu (UUR),H,< 2.2,-,+,Cfrm [LP],2023.05.22
484,MT-TL1,Essential hypertension,A3261G,3261,A,G,tRNA Leu (UUR),80%,7/61134,+,-,Reported,
28,MT-TL1,DM,T3264C,3264,T,C,tRNA Leu (UUR),,<0.005,-,+,Reported,
29,MT-TL1,MELAS / DM / MERRF-like,T3271C,3271,T,C,tRNA Leu (UUR),M,< 2.0,-,+,Cfrm [P],2023.04.25
30,MT-TL1,PEM / retinal dystrophy in MELAS,T3273del,3273,T,:,tRNA Leu (UUR),M,< 2.0,-,+,Cfrm [VUS*],2023.05.23
32,MT-TL1,Ocular myopathy,T3273C,3273,T,C,tRNA Leu (UUR),+,<0.014,-,+,Reported,
469,MT-TL1,Encephalomyopathy with proteinuric kidney disease,3274_3275delAC,3274,AC,:,tRNA Leu (UUR),nr,0/56910,-,+,Reported,
265,MT-TL1,Neuropsychiatric syndrome + cataract,A3274G,3274,A,G,tRNA Leu (UUR),84.44%,0/51192,-,+,Reported [VUS],
33,MT-TL1,LHON,C3275A,3275,C,A,tRNA Leu (UUR),0.3778,<.02,+,-,Reported,
358,MT-TL1,Metabolic syndrome and polycystic ovary syndrome / LHON,C3275T,3275,C,T,tRNA Leu (UUR),0.3778,0/47412,+,-,Reported,
246,MT-TL1,Poss. hypertension factor,G3277A,3277,G,A,tRNA Leu (UUR),11.11%,32/47412,+,-,Reported,
247,MT-TL1,Poss. hypertension factor,T3278C,3278,T,C,tRNA Leu (UUR),62.22%,14/47412,+,-,Reported,
34,MT-TL1,Myopathy,A3280G,3280,A,G,tRNA Leu (UUR),97.78%,0/47412,-,+,Cfrm [VUS*],2022.08.23
342,MT-TL1,Late onset ocular myopathy,G3283A,3283,G,A,tRNA Leu (UUR),H,0/46092,-,+,Reported,
156,MT-TL1,Encephalomyopathy,C3287A,3287,C,A,tRNA Leu (UUR),H,0/32059,-,+,Reported,
35,MT-TL1,Myopathy,A3288G,3288,A,G,tRNA Leu (UUR),H,<0.009,-,+,Reported [VUS],
248,MT-TL1,Poss. hypertension factor /  3243G-protective,T3290C,3290,T,C,tRNA Leu (UUR),L,64/32059,+,-,Reported,
36,MT-TL1,MELAS / Myopathy / Deafness+Cognitive Impairment,T3291C,3291,T,C,tRNA Leu (UUR),H,0/46092,-,+,Cfrm [LP],2022.10.03
37,MT-TL1,MM,A3302G,3302,A,G,tRNA Leu (UUR),94.11%,0/56910,-,+,Cfrm [LP],2023.05.18
38,MT-TL1,MMC,C3303T,3303,C,T,tRNA Leu (UUR),80.00%,0/59389,+,+,Cfrm [LP],2023.01.09
245,MT-TI,Maternally inherited essential hypertension,A4263G,4263,A,G,tRNA Ile,H,0 / 2704,+,-,Reported,
106,MT-TI,MM / CPEO,A4267G,4267,A,G,tRNA Ile,93.33%,0/45494,-,+,Reported,
488,MT-TI,Maternally inherited hearing loss,T4268C,4268,T,C,tRNA Ile,88.89%,0/61993,+,-,Reported,
39,MT-TI,FICP,A4269G,4269,A,G,tRNA Ile,L,< 3.3,-,+,Reported [VUS],
496,MT-TI,Suspected mitochondrial disease,G4271C,4271,G,C,tRNA Ile,100%,0/62556,-,+,Reported,
40,MT-TI,CPEO / Motor Neuron Disease,T4274C,4274,T,C,tRNA Ile,85.50%,0/45494,-,+,Reported,
249,MT-TI,HCM / Poss. hypertension factor,T4277C,4277,T,C,tRNA Ile,40%,15/45494,+,-,Reported,
328,MT-TI,Myoclonic epilepsy,A4279G,4279,A,G,tRNA Ile,H,0/32059,-,+,Reported,
268,MT-TI,Recurrent Myoglobinuria,A4281G,4281,A,G,tRNA Ile,H,1/32059,-,+,Reported,
325,MT-TI,CPEO Plus,G4282A,4282,G,A,tRNA Ile,H,0/32059,-,+,Reported,
41,MT-TI,Varied familial presentation / spastic paraparesis / MERRF-like,G4284A,4284,G,A,tRNA Ile,62.22%,2/61134,-,+,Reported [VUS],
42,MT-TI,CPEO,T4285C,4285,T,C,tRNA Ile,95.56%,0/45494,-,+,Reported,
293,MT-TI,Retinopathy+diabetes+dysphagia+cerebral atrophy,T4289C,4289,T,C,tRNA Ile,91.11%,0/45494,-,+,Reported,
115,MT-TI,"Progressive Encephalopathy / PEO,myopathy",T4290C,4290,T,C,tRNA Ile,H,< 0.002,+,+,Reported,
119,MT-TI,Hypomagnesemic Metabolic Syndrome / Gitelman-like syndrome,T4291C,4291,T,C,tRNA Ile,H,0/32059,+,-,Reported [VUS],
43,MT-TI,MHCM / Maternally inherited hypertension / Maternally inherited deafness,A4295G,4295,A,G,tRNA Ile,100%,84/51836,+,+,Reported [VUS],
303,MT-TI,Leigh Syndrome,G4296A,4296,G,A,tRNA Ile,H,0 / 3000,-,+,Reported [VUS],
44,MT-TI,CPEO / MS,G4298A,4298,G,A,tRNA Ile,H,0/32059,-,+,Cfrm [VUS*],2022.12.12
45,MT-TI,MICM,A4300G,4300,A,G,tRNA Ile,M,0/32059,+,+,Cfrm [LP],2023.05.18
459,MT-TI,Patient with MELAS,A4301T,4301,A,T,tRNA Ile,97.78%,1/51836,nr,nr,Reported,
231,MT-TI,CPEO,A4302G,4302,A,G,tRNA Ile,H,0 / (2704+100),-,+,Reported,
497,MT-TI,Suspected mitochondrial disease,A4305G,4305,A,G,tRNA Ile,97.78%,0/62556,-,+,Reported,
240,MT-TI,CPEO,G4308A,4308,G,A,tRNA Ile,95.56%,0/56910,-,+,Cfrm [VUS*],2022.10.10
46,MT-TI,CPEO,G4309A,4309,G,A,tRNA Ile,24.44%,1/45494,-,+,Reported,
250,MT-TI,Poss. hypertension factor,T4314C,4314,T,C,tRNA Ile,L,15/32059,+,-,Reported,
241,MT-TI,HCM with hearing loss / poss. hypertension factor,A4316G,4316,A,G,tRNA Ile,95.56%,30/45494,+,+,Reported,
369,MT-TI,"Ptosis, deafness, stroke-like episodes",A4317del,4317,A,:,tRNA Ile,71.11%,0/48882,nr,nr,Reported,
47,MT-TI,FICP / poss. Hypertension / DEAF factor,A4317G,4317,A,G,tRNA Ile,71.11%,0/48882,+,-,Reported,
48,MT-TI,Mitochondrial Encephalocardiomyopathy,C4320T,4320,C,T,tRNA Ile,97.78%,2/45494,-,+,Reported,
363,MT-TI,mtDNA deletion and depletion with dilated cardiomyopathy,C4322del,4322,C,:,tRNA Ile,93.33%,0/4882,+,-,Reported,
318,MT-TI,Idiopathic Dilated Cardiomopathy,C4322CC,4322,C,CC,tRNA Ile,H,3/32059,-,+,Reported,
391,MT-TI,"Ataxia+, with RRF and COX deficiency",T4327C,4327,T,C,tRNA Ile,91.11%,0/51163,-,+,Reported,
49,MT-TQ,Encephalopathy / MELAS,G4332A,4332,G,A,tRNA Gln,97.78%,0/45494,-,+,Cfrm [VUS*],2023.01.23
50,MT-TQ,ADPD / Hearing Loss & Migraine / autism spectrum / intellectual disability,T4336C,4336,T,C,tRNA Gln,42.22%,525/59389 HFHG,+,+,Reported [B],2024.02.12
251,MT-TQ,Poss. hypertension factor,A4343G,4343,A,G,tRNA Gln,H,16 / 2704,+,-,Reported,
478,MT-TQ,Developmental delay,T4344C,4344,T,C,tRNA Gln,95.56%,0/61134,-,+,Reported,
252,MT-TQ,Poss. hypertension factor,C4345T,4345,C,T,tRNA Gln,L,2/32059,+,-,Reported,
253,MT-TQ,Poss. hypertension factor,T4353C,4353,T,C,tRNA Gln,L,23/50175,+,-,Reported,
217,MT-TQ,Metabolic syndrome and polycystic ovary syndrome / possibly associated w DEAF + RP + dev delay / hypertension / LHON,T4363C,4363,T,C,tRNA Gln,M,<1 / 130,+,-,Reported,
51,MT-TQ,Myopathy,A4369AA,4369,A,AA,tRNA Gln,+,0/32059,-,+,Reported [VUS],
289,MT-TQ,Suspected mito disease,C4372T,4372,C,T,tRNA Gln,.,0 / 2704,-,+,Reported [VUS],
205,MT-TQ,Tic disorder / possibly LVNC-associated,T4373C,4373,T,C,tRNA Gln,95.56%,8/51192,+,-,Reported,
458,MT-TQ,Matrilineal hypertension risk factor,C4375T,4375,C,T,tRNA Gln,84.44%,9/51836,nr,nr,Reported,
135,MT-TQ,LHON,A4381G,4381,A,G,tRNA Gln,M,4/32059,+,-,Reported,
314,MT-TQ,Heart disease / myopathy / hypertension,T4386C,4386,T,C,tRNA Gln,24.44%,188/59389 HFHG,+,-,Conflicting reports,
254,MT-TQ,Poss. hypertension factor,C4387A,4387,C,A,tRNA Gln,24.44%,0/45494,+,-,Reported,
255,MT-TQ,Poss. hypertension factor; intellectual disability,A4388G,4388,A,G,tRNA Gln,H,41/32059,+,-,Reported,
256,MT-TQ,Poss. hypertension factor,C4392T,4392,C,T,tRNA Gln,H,15/32059,+,-,Reported,
257,MT-TQ,Poss. hypertension factor,A4395G,4395,A,G,tRNA Gln,M,19/32059,+,-,Reported,
175,MT-NC2,Hypertension+Ventricular Hypertrophy,A4401G,4401,A,G,NC2 Gln-Met spacer,non-coding,4/49135,+,-,Reported,
324,MT-TM,Mitochondrial myopathy,G4403A,4403,G,A,tRNA Met,97.78%,0/45494,-,+,Reported,
52,MT-TM,Mitochondrial myopathy,T4409C,4409,T,C,tRNA Met,100%,0/45494,-,+,Reported [VUS],
258,MT-TM,Poss. hypertension factor,C4410A,4410,C,A,tRNA Met,H,0 / 2704,+,-,Reported,
367,MT-TM,Seizures with myopathy & retinopathy,G4412A,4412,G,A,tRNA Met,100%,0/48882,-,+,Reported,
386,MT-TM,Progressive external ophthalmoplegia and myopathy,T4414C,4414,T,C,tRNA Met,100%,0/51673,-,+,Reported,
186,MT-TM,EXIT & APS2,A4415G,4415,A,G,tRNA Met,H,< 0.0004,-,+,Reported,
128,MT-TM,LHON / LHON modulator / hypertension; autism spectrum; intellectual disability / hearing loss,A4435G,4435,A,G,tRNA Met,100%,47/45494,+,-,Reported,
290,MT-TM,"Hypotonia, seizure, muscle weakness, lactic acidosis, hearing loss",C4437T,4437,C,T,tRNA Met,100%,1/45494,+,-,Reported [VUS],
366,MT-TM,Mitochondrial myopathy,G4440A,4440,G,A,tRNA Met,93%,0/48882,-,+,Reported,
53,MT-TM,Myopathy / MELAS / Leigh Syndrome / EXIT,G4450A,4450,G,A,tRNA Met,97.78%,0/45494,-,+,Cfrm [LP],2023.02.27
399,MT-TM,Reported in tic disorder patient,T4452C,4452,T,C,tRNA Met,62.22%,113/51836,nr,nr,Reported,
218,MT-TM,Possible contributor to mito dysfunction / hypertension / PCOS patient,T4454C,4454,T,C,tRNA Met,55.56%,209/51836,+,-,Reported,
259,MT-TM,Poss. hypertension factor,C4456T,4456,C,T,tRNA Met,53.33%,11/51836,-,+,Reported,
343,MT-TM,Maternally inherited hypertension,C4467A,4467,C,A,tRNA Met,97.78%,0/47412,-,+,Reported,
357,MT-TW,Maternally inherited hypertension,A5512G,5512,A,G,tRNA Trp,H,5/46092,+,-,Reported,
339,MT-TW,Mitochondrial encephalomyopathy with RP,G5513A,5513,G,A,tRNA Trp,H,1/46092,-,+,Reported,
283,MT-TW,Neonatal onset mito disease,A5514G,5514,A,G,tRNA Trp,L,0 / 2704,+,-,Reported,
54,MT-TW,Mitochondrial myopathy,G5521A,5521,G,A,tRNA Trp,H,0/42616,-,+,Cfrm [LP],2022.10.03
329,MT-TW,Mitochondrial myopathy,G5522A,5522,G,A,tRNA Trp,H,0/32059,-,+,Reported,
192,MT-TW,Leigh Syndrome,T5523G,5523,T,G,tRNA Trp,H,0/32059,-,+,Reported [VUS],
105,MT-TW,Gastrointestinal Syndrome,G5532A,5532,G,A,tRNA Trp,H,1/32059,-,+,Reported [VUS],
55,MT-TW,Leigh Syndrome,A5537insT,5537,A,AT,tRNA Trp,H,<.01,-,+,Cfrm [LP],2023.05.23
330,MT-TW,Encephalomyopathy,G5538A,5538,G,A,tRNA Trp,86.67%,0/54594,-,+,Reported [VUS],
56,MT-TW,Encephalomyopathy / DEAF,G5540A,5540,G,A,tRNA Trp,H,<0.01,-,+,Reported [VUS],
294,MT-TW,MELAS+stroke-like episodes and cortical blindness+MRI shows occipital lobe infarct,C5541T,5541,C,T,tRNA Trp,100.00%,0/51192,-,+,Reported,
154,MT-TW,Mitochondrial myopathy,T5543C,5543,T,C,tRNA Trp,H,,-,+,Reported [VUS],
160,MT-TW,HCM severe multisystem disorder,C5545T,5545,C,T,tRNA Trp,H,<0.01,-,+,Reported [VUS],
57,MT-TW,DEMCHO / mitochondrial encephalomyopathy,G5549A,5549,G,A,tRNA Trp,H,< 1.1,-,+,Reported [VUS],
279,MT-TW,Combined OXPHOS defects,G5556A,5556,G,A,tRNA Trp,93.30%,0/61134,-,+,Cfrm [LP],2024.05.28
281,MT-TW,Mito encephalomyopathy,G5556C,5556,G,C,tRNA Trp,H,0 / 2704,-,+,Reported,
400,MT-TW,Reported in tic disorder patient / NSSNHL,A5558G,5558,A,G,tRNA Trp,97.78%,106/54594,nr,nr,Reported [VUS],
193,MT-TW,Leigh Syndrome,A5559G,5559,A,G,tRNA Trp,M,nd,-,+,Reported,
168,MT-TW,Myopathy,T5567C,5567,T,C,tRNA Trp,48.89%,52/51192,-,+,Reported,
173,MT-TW,DEAF,A5568G,5568,A,G,tRNA Trp,75.56%,10/51836,+,-,Reported,
208,MT-TA,LHON / possible DEAF modifier / MIDD / dilated cardiomyopathy / hypertension / tic disorder,T5587C,5587,T,C,tRNA Ala,91%,34/51836,+,+,Reported,
130,MT-TA,Myopathy,G5591A,5591,G,A,tRNA Ala,H,nd,-,+,Reported [VUS+],
315,MT-TA,Coronary Heart Disease,A5592G,5592,A,G,tRNA Ala,H,<22/32059,+,-,Reported,
401,MT-TA,Reported in tic disorder patient,G5595A,5595,G,A,tRNA Ala,84.44%,1/51836,nr,nr,Reported,
440,MT-TA,Possible helper mutation in maternally inherited hypertension and in LHON,C5601T,5601,C,T,tRNA Ala,66.67%,196/51836,+,-,Reported,
373,MT-TA,Myopathy,G5610A,5610,G,A,tRNA Ala,35.56%,0/49135,-,+,Reported [VUS],
322,MT-TA,CPEO,T5613C,5613,T,C,tRNA Ala,H,0/32059,-,+,Reported,
417,MT-TA,Hearing loss patient,T5618C,5618,T,C,tRNA Ala,91.11%,14/51836,nr,nr,Reported,
58,MT-TA,CPEO / DEAF enhancer / gout / tic disorder,T5628C,5628,T,C,tRNA Ala,+,,-,+,Reported,
374,MT-TA,Myopathy,G5631A,5631,G,A,tRNA Ala,31.11%,1/49135,-,+,Reported [VUS],
238,MT-TA,PEO,T5636C,5636,T,C,tRNA Ala,H,0 / 2959,-,+,Reported,
418,MT-TA,Hearing loss patient,T5641C,5641,T,C,tRNA Ala,97.78%,8/51836,nr,nr,Reported,
151,MT-TA,Myopathy,G5650A,5650,G,A,tRNA Ala,L,1/32059,-,+,Cfrm [LP],2022.10.24
353,MT-TA,Dilated Cardiomyopathy,C5652G,5652,C,G,tRNA Ala,93%,0/47412,+,-,Reported,
148,MT-TA,DEAF enhancer / Hypertension risk,T5655C,5655,T,C,tRNA Ala,44.44%,324/49135,+,-,Reported,
326,MT-TN,Mitochondrial myopathy,T5658C,5658,T,C,tRNA Asn,H,0/32059,-,+,Reported,
370,MT-TN,Ptosis / CPEO,G5667A,5667,G,A,tRNA Asn,73.33%,0/62556,-,+,Reported [VUS],
454,MT-TN,Sporadic CPEO,G5669A,5669,G,A,tRNA Asn,100.00%,0/51836,-,+,Reported,
481,MT-TN,Progressive mitochondrial myopathy,A5670G,5670,A,G,tRNA Asn,23.10%,0/61134,+,-,Reported,
392,MT-TN,EXIT+myalgia+CPEO with RRF,T5672C,5672,T,C,tRNA Asn,64.44%,0/51673,-,+,Reported,
295,MT-TN,CPEO+ptosis+proximal myopathy,A5690G,5690,A,G,tRNA Asn,97.78%,0/37528,-,+,Cfrm [LP],2023.01.09
59,MT-TN,CPEO / MM,T5692C,5692,T,C,tRNA Asn,100.00%,<0.167,-,+,Reported [VUS],
176,MT-TN,Encephalomyopathy,T5693C,5693,T,C,tRNA Asn,100.00%,<0.0003,+,-,Reported,
60,MT-TN,CPEO / MM,G5698A,5698,G,A,tRNA Asn,97.78%,nd,-,+,Reported,
455,MT-TN,Sporadic CPEO,A5702del,5702,A,:,tRNA Asn,95.56%,0/51836,-,+,Reported,
485,MT-TN,External ophthalmoplegia+ptosis,A5702G,5702,A,G,tRNA Asn,97.78%,0/61134,-,+,Reported [VUS],
61,MT-TN,CPEO / MM,G5703A,5703,G,A,tRNA Asn,8.89%,< 0.1,-,+,Cfrm [P],2023.02.13
486,MT-TN,Mitochondrial myopathy,C5708T,5708,C,T,tRNA Asn,77.78%,0/61134,+,+,Reported,
320,MT-TN,Ophthalmoparesis+respiratory impairment,T5709C,5709,T,C,tRNA Asn,80.00%,0/32059,-,+,Reported,
419,MT-TN,Hearing loss patient,A5715G,5715,A,G,tRNA Asn,82.22%,12/51836,nr,nr,Reported,
138,MT-TN,Multiorgan failure / myopathy / myasthenia gravis-like,T5728C,5728,T,C,tRNA Asn,86.67%,1/48882,-,+,Cfrm [LP],2023.02.13
402,MT-TC,Reported in tic disorder patient,T5774C,5774,T,C,tRNA Cys,35.56%,58/51836,nr,nr,Reported,
140,MT-TC,SNHL,G5780A,5780,G,A,tRNA Cys,H,<0.002,-,+,Reported,
136,MT-TC,Myopathy / deafness / gout / tic disorder,G5783A,5783,G,A,tRNA Cys,82.22%,44/51192,-,+,Reported,
464,MT-TC,Late-onset NARP,T5789C,5789,T,C,tRNA Cys,82.22%,0/54594,-,+,Reported,
420,MT-TC,Hearing loss/ tic disorder,T5794C,5794,T,C,tRNA Cys,88.89%,7/51836,nr,nr,Reported,
158,MT-TC,DEAF1555 increased penetrance / obesity risk,T5802C,5802,T,C,tRNA Cys,H,.,+,-,Reported,
421,MT-TC,Hearing loss patient,G5809A,5809,G,A,tRNA Cys,91.11%,1/51836,nr,nr,Reported,
62,MT-TC,Encephalopathy / gout,T5814C,5814,T,C,tRNA Cys,75.56%,157/51836,-,+,Reported [LB],2023.06.26
149,MT-TC,Progressive Dystonia,A5816G,5816,A,G,tRNA Cys,H,.,+,-,Reported [VUS],
404,MT-TC,Reported in tic disorder patient,T5819C,5819,T,C,tRNA Cys,48.89%,0/51836,nr,nr,Reported,
462,MT-TC,MERRF,C5820A,5820,C,A,tRNA Cys,91.11%,0/51836,+,-,Reported,
194,MT-TC,DEAF helper mut./ dilated cardiomyopathy,G5821A,5821,G,A,tRNA Cys,26.67%,376/62556,+,-,Reported,
422,MT-TC,Hearing loss patient,G5822A,5822,G,A,tRNA Cys,77.78%,6/51836,nr,nr,Reported,
460,MT-TY,Patient with proximal myopathy,G5835A,5835,G,A,tRNA Tyr,93.33%,1/51836,nr,nr,Reported,
114,MT-TY,FSGS / Mitochondrial Cytopathy,A5843G,5843,A,G,tRNA Tyr,+,<0.003,+,-,Reported,
63,MT-TY,EXIT,T5874C,5874,T,C,tRNA Tyr,91.11%,0/59389,-,+,Reported [VUS],
461,MT-TY,CPEO,C5877T,5877,C,T,tRNA Tyr,80%,0/51839,-,+,Reported [VUS],
479,MT-TY,CPEO,T5888del,5888,T,:,tRNA Tyr,98%,0/61134,-,+,Reported [VUS],
379,MT-TY,Multisystem mitochondrial disorder,A5889G,5889,A,G,tRNA Tyr,100%,0/50175,-,+,Reported,
133,MT-TS1 precursor,DEAF,A7445C,7445,A,C,tRNA Ser (UCN) precursor,M,<0.0026,+,-,Reported [VUS],
134,MT-TS1 precursor,SNHL,A7445G,7445,A,G,tRNA Ser (UCN) precursor,M,.,+,+,Cfrm [P],2022.08.08
166,MT-TS1 precursor,SNHL,A7445T,7445,A,T,tRNA Ser (UCN) precursor,M,< 0.006,+,-,Reported [VUS],
296,MT-TS1,CPEO+ptosis,A7451T,7451,A,T,tRNA Ser (UCN) precursor,95.56%,0/51192,-,+,Reported,
282,MT-TS1,"Fatal neonatal lactic acidosis / Neonatal lactic acidosis, exercise intolerance, mild ID",G7453A,7453,G,A,tRNA Ser (UCN),93.33%,0/61134,+,+,Cfrm [LP],2024.10.28
174,MT-TS1,DEAF,A7456G,7456,A,G,tRNA Ser (UCN),88.89%,13/51192,+,-,Unclear,
230,MT-TS1,PEO,G7458A,7458,G,A,tRNA Ser (UCN),97.78%,0/51192,-,+,Reported,
243,MT-TS1,DEAF,C7462T,7462,C,T,tRNA Ser (UCN),82.22%,6/51192,+,-,Reported [VUS],
413,MT-TS1,Maternally inherited hypertension / deafness,C7471del,7471,C,:,tRNA Ser (UCN),x,14/51836,nr,nr,Reported [VUS](=7466d),
65,MT-TS1,PEM / AMDF / Motor neuron disease-like,C7471CC,7471,C,CC,tRNA Ser (UCN),x,< 0.0025,+,+,Cfrm [P],2022.11.14
157,MT-TS1,MM / DMDF modulator,A7472C,7472,A,C,tRNA Ser (UCN),62.22%,9/51192,+,+,Reported,
309,MT-TS1,PEM / AMDF / Motor neuron disease-like,A7472CA,7472,A,CA,tRNA Ser (UCN),64.44%,0/51192,+,+,See 7471insC,
414,MT-TS1,Hearing loss and epilepsy,A7474del,7474,A,:,tRNA Ser (UCN),x,0/51836,nr,nr,Reported (=7474d),
423,MT-TS1,Hearing loss patient,A7474G,7474,A,G,tRNA Ser (UCN),64.44%,4/51836,nr,nr,Reported,
112,MT-TS1,MM,T7480G,7480,T,G,tRNA Ser (UCN),H,4/51836,-,+,Reported,
471,MT-TS1,MERRF,A7484G,7484,A,G,tRNA Ser (UCN),100%,0/59389,+,-,Reported,
338,MT-TS1,CPEO,G7486A,7486,G,A,tRNA Ser (UCN),H,0/46092,-,+,Reported,
313,MT-TS1,Hypertension / hearing loss risk factor,C7492T,7492,C,T,tRNA Ser (UCN),H,4/32059,+,-,Reported,
415,MT-TS1,Hearing Loss,T7496C,7496,T,C,tRNA Ser (UCN),93.33%,3/51836,nr,nr,Reported,
66,MT-TS1,MM / EXIT,G7497A,7497,G,A,tRNA Ser (UCN),8.89%,1/51192,+,+,Cfrm [LP],2023.04.17
310,MT-TS1,Cardiovascular disease; renal disease patient,T7501A,7501,T,A,tRNA Ser (UCN),28.89%,1/51192,nr,nr,Reported,
405,MT-TS1,Reported in tic disorder patient,C7502T,7502,C,T,tRNA Ser (UCN),66.67%,4/51836,nr,nr,Reported [VUS],2023.07.24
207,MT-TS1,Maternally inherited hearing loss,T7505C,7505,T,C,tRNA Ser (UCN),H,< 0.0025,+,-,Reported [VUS],
147,MT-TS1,PEO with hearing loss,G7506A,7506,G,A,tRNA Ser (UCN),82.22%,0/51192,-,+,Reported,
67,MT-TS1,SNHL,T7510C,7510,T,C,tRNA Ser (UCN),+,1/32059,-,+,Cfrm [LP],2023.03.13
68,MT-TS1,SNHL/Deafness,T7511C,7511,T,C,tRNA Ser (UCN),H,<.004,+,+,Cfrm [LP],2022.11.30
69,MT-TS1,PEM / MERME  / MELAS,T7512C,7512,T,C,tRNA Ser (UCN),31.11%,0/51836,+,+,Cfrm [LP],2024.07.08
395,MT-TD,Deafness-associated,A7519del,7519,A,:,tRNA Asp,97.78%,1/51673,nr,nr,Reported,
164,MT-TD,Sporadic bilateral optic neuropathy,G7520A,7520,G,A,tRNA Asp,H,<.006,nr,nr,Reported,
185,MT-TD,Mitochondrial myopathy,A7526G,7526,A,G,tRNA Asp,H,<.0003,-,+,Reported [VUS],
495,MT-TD,Suspected mitochondrial disease,A7530G,7530,A,G,tRNA Asp,95.56%,0/62556,-,+,Reported,
323,MT-TD,Multisystemic mitochondrial disorder,C7539T,7539,C,T,tRNA Asp,H,0/32059,-,+,Reported,
70,MT-TD,MEPR,A7543G,7543,A,G,tRNA Asp,.,<0.01,-,+,Reported,
362,MT-TD,DEAF increased penetrance (1555G helper),A7551G,7551,A,G,tRNA Asp,93.33%,2/48882,+,-,Reported,
297,MT-TD,Myopathy+ataxia+nystagmus+migraines+lactic acidosis,G7554A,7554,G,A,tRNA Asp,91.11%,1/51192,-,+,Reported,
480,MT-TD,Focal segmental glomerulosclerosis (FSGS) with cortical blindness + pancreatitis,T7560C,7560,T,C,tRNA Asp,46.90%,0/61134,-,+,Reported,
380,MT-TD,Unspecified patient from clinical lab,G7566A,7566,G,A,tRNA Asp,91.11%,0/50175,nr,nr,Reported [VUS],
71,MT-TK,DMDF / MERRF / HCM / epilepsy / hearing loss,A8296G,8296,A,G,tRNA Lys,H,< 0.003,+,+,Reported [VUS],
321,MT-TK,PEO + respiratory impairment,G8299A,8299,G,A,tRNA Lys,H,0/32059,-,+,Reported [VUS],
72,MT-TK,Encephalopathy,A8302T,8302,A,T,tRNA Lys,86.67%,0/59389,+,-,Unclear,
298,MT-TK,Epilepsy+ataxia+visual disturbance+deafness,G8304A,8304,G,A,tRNA Lys,93.33%,0/51192,-,+,Reported,
365,MT-TK,Mitochondrial myopathy,C8305T,8305,C,T,tRNA Lys,95.56%,0/48882,-,+,Reported,
308,MT-TK,Severe adult-onset multisymptom myopathy / Myoclonic epilepsy,T8306C,8306,T,C,tRNA Lys,95.56%,0/50175,-,+,Cfrm [VUS*],2022.10.24
260,MT-TK,Poss. hypertension factor,T8311C,8311,T,C,tRNA Lys,M,0 / 2704,+,-,Reported,
73,MT-TK,MNGIE-like / Progressive mito cytopathy,G8313A,8313,G,A,tRNA Lys,97.78%,1/50175,-,+,Cfrm [LP],2023.03.13
468,MT-TK,MERRF,A8315C,8315,A,C,tRNA Lys,60.00%,1/56910,-,+,Reported,
132,MT-TK,MELAS,T8316C,8316,T,C,tRNA Lys,M,<0.0143,-,+,Reported,
291,MT-TK,Kearns-Sayre syndrome,A8319G,8319,A,G,tRNA Lys,.,0 / 2704,-,+,Reported [VUS],
118,MT-TK,Mitochondrial Cytopathy,A8326G,8326,A,G,tRNA Lys,H,<0.008,-,+,Reported,
74,MT-TK,Encephalopathy / EXIT with myopathy and ptosis; multi-symptom pt,G8328A,8328,G,A,tRNA Lys,95.56%,0/61883,-,+,Reported,
242,MT-TK,Dystonia and stroke-like episodes,A8332G,8332,A,G,tRNA Lys,L,0 / 2704,+,-,Reported,
261,MT-TK,Poss. hypertension factor,T8337C,8337,T,C,tRNA Lys,M,0 / 2704,+,-,Reported,
424,MT-TK,Hearing loss patient,A8339G,8339,A,G,tRNA Lys,68.89%,1/51836,nr,nr,Reported,
232,MT-TK,"Myopathy, Exercise Intolerance, CPEO-like /childhood epilepsy with SNHL & eye disease",G8340A,8340,G,A,tRNA Lys,82.22%,0/48882,-,+,Cfrm [LP],2023.05.22
75,MT-TK,PEO and Myoclonus,G8342A,8342,G,A,tRNA Lys,62.22%,0/51192,-,+,Reported [VUS],2023.07.24
171,MT-TK,Metabolic syndrome and polycystic ovary syndrome / possible PD risk factor / deafness,A8343G,8343,A,G,tRNA Lys,17.78%,55/51192,+,-,Reported,
76,MT-TK,MERRF; Other - LD / depressive mood disorder / leukoencephalopathy / HiCM / lipomas,A8344G,8344,A,G,tRNA Lys,37.78%,4/54594,-,+,Cfrm [P],2021.11.03
388,MT-TK,Rett Syndrome,C8346del,8346,C,:,tRNA Lys,22.22%,0/51673,nr,nr,Reported,
262,MT-TK,Poss. hypertension factor,A8347G,8347,A,G,tRNA Lys,64.44%,18/51836,+,-,Reported,
77,MT-TK,Cardiomyopathy / SNHL / poss. hypertension factor,A8348G,8348,A,G,tRNA Lys,17.78%,118/51192,+,+,Reported,
78,MT-TK,Myopathy,T8355C,8355,T,C,tRNA Lys,M,nd,-,+,Reported,
79,MT-TK,MERRF,T8356C,8356,T,C,tRNA Lys,M,< 0.3,-,+,Cfrm [LP],2023.03.13
376,MT-TK,Multiple symmetric lipomatosis / multiorgan disease,T8357C,8357,T,C,tRNA Lys,26.67%,0/50175,-,+,Reported,
102,MT-TK,MERRF,G8361A,8361,G,A,tRNA Lys,H,nd,-,+,Reported [VUS],
80,MT-TK,Myopathy / ataxia deafness diabetes mellitus,T8362G,8362,T,G,tRNA Lys,H,nd,-,+,Reported [VUS],
81,MT-TK,MICM+DEAF / MERRF / Autism / Leigh Syndrome / Ataxia / Lipomatosis,G8363A,8363,G,A,tRNA Lys,95.56%,0/61134,-,+,Cfrm [LP],2023.03.13
377,MT-TG,Unspecified patient from clinical lab,T9997A,9997,T,A,tRNA Gly,82.22%,1/50175,nr,nr,Reported [VUS],
82,MT-TG,MHCM,T9997C,9997,T,C,tRNA Gly,H,1/42616,-,+,Reported [VUS],
494,MT-TG,Suspected mitochondrial disease,T9998C,9998,T,C,tRNA Gly,100%,0/62556,-,+,Reported,
470,MT-TG,Multisystem mitochondrial disorder,G10000A,10000,G,A,tRNA Gly,100%,3/56910 all aDNA,-,+,Reported,
372,MT-TG,Hypertension / maternally inherited diabetes / hearing loss,T10003C,10003,T,C,tRNA Gly,95.56%,8/49135,+,-,Reported,
425,MT-TG,Hearing loss patient,A10005G,10005,A,G,tRNA Gly,42.22%,21/51836,nr,nr,Reported,
83,MT-TG,CIPO / Encephalopathy,A10006G,10006,A,G,tRNA Gly,68.89%,13/59389,+,-,Unclear,
84,MT-TG,PEM,T10010C,10010,T,C,tRNA Gly,.,<0.02,-,+,Cfrm [VUS*],2022.11.14
85,MT-TG,Myopathy,G10014A,10014,G,A,tRNA Gly,35.56%,1/59389,+,-,Unclear,
426,MT-TG,Hearing loss patient,C10019T,10019,C,T,tRNA Gly,95.56%,0/51836,nr,nr,Reported,
86,MT-TG,SIDS,A10044G,10044,A,G,tRNA Gly,86.67%,183/59389,-,+,Unclear,
406,MT-TG,Tic disorder patient / hearing loss patient,A10055G,10055,A,G,tRNA Gly,91.11%,11/51836,nr,nr,Reported,
428,MT-TG,Hearing loss patient,T10057C,10057,T,C,tRNA Gly,75.56%,5/51836,nr,nr,Reported,
150,MT-TR,Mitochondrial myopathy,G10406A,10406,G,A,tRNA Arg,H,<0.01,-,+,Reported [VUS],
381,MT-TR,Unspecified patient from clinical lab,T10408C,10408,T,C,tRNA Arg,91.11%,0/50175,nr,nr,Reported [VUS],
474,MT-TR,Possible maternally inherited hypertension risk factor,T10410C,10410,T,C,tRNA Arg,22%,284/61118,+,-,Reported,
354,MT-TR,Dilated Cardiomyopathy,A10411T,10411,A,T,tRNA Arg,18%,0/47412,+,-,Reported,
355,MT-TR,Dilated Cardiomyopathy,T10415C,10415,T,C,tRNA Arg,98%,0/47412,+,-,Reported,
277,MT-TR,Mitochondrial myopathy,G10437A,10437,G,A,tRNA Arg,H,0 / 2704,-,+,Reported,
146,MT-TR,Progressive Encephalopathy,A10438G,10438,A,G,tRNA Arg,M,<0.002,-,+,Reported [VUS],
398,MT-TR,Non-dystrophic myopathy,A10438T,10438,A,T,tRNA Arg,91.11%,0/51836,-,+,Reported,
280,MT-TR,Combined OXPHOS defects & severe multisystem disorder,A10450G,10450,A,G,tRNA Arg,see note,0 / 2704,-,+,Reported [VUS],
181,MT-TR,Possible deafness or maternally inherited hypertension risk factor,T10454C,10454,T,C,tRNA Arg,H,<0.006,+,-,Reported,
382,MT-TR,Unspecified patient from clinical lab,T10460C,10460,T,C,tRNA Arg,93.33%,0/50175,nr,nr,Reported [VUS],
407,MT-TH,Reported in tic disorder patient,A12141G,12141,A,G,tRNA His,71.11%,8/51836,nr,nr,Reported,
316,MT-TH,MELAS,A12146G,12146,A,G,tRNA His,H,0/32059,+,+,Reported,
108,MT-TH,MERRF-MELAS / Encephalopathy,G12147A,12147,G,A,tRNA His,H,<0.01,-,+,Cfrm [LP],2023.01.09
292,MT-TH,"Developmental delay, optic atrophy, cataract, hearing loss, myopathy",T12148C,12148,T,C,tRNA His,100.00%,1/51192,-,+,Reported [VUS],
463,MT-TH,MELAS,A12158G,12158,A,G,tRNA His,100.00%,0/54594,-,+,Reported,
429,MT-TH,Hearing loss patient,T12167C,12167,T,C,tRNA His,100.00%,1/51836,nr,nr,Reported,
385,MT-TH,Sclerosis-like symptoms + white matter alterations,A12182G,12182,A,G,tRNA His,82.22%,2/50175,+,-,Author considered as VUS,
87,MT-TH,RP + DEAF,G12183A,12183,G,A,tRNA His,H,<0.008,-,+,Reported [VUS],
307,MT-TH,Asthenozoospermia,C12187A,12187,C,A,tRNA His,H,0 / 2704,+,-,Reported,
430,MT-TH,Hearing loss patient,T12188C,12188,T,C,tRNA His,71.11%,27/51836,nr,nr,Reported,
88,MT-TH,MICM / possible G15927A deafness modulator,G12192A,12192,G,A,tRNA His,H,<0.006,+,-,Reported,
490,MT-TH,Congenital sideroblastic anemia (CSA) +SNHL +motor delay,C12197T,12197,C,T,tRNA His,86.67%,0/61883,+,+,Reported,
491,MT-TH,Congenital sideroblastic anemia (CSA),T12198C,12198,T,C,tRNA His,100%,0/61883,-,+,Reported,
286,MT-TH,Maternally inherited non-syndromic deafness,T12201C,12201,T,C,tRNA His,73.33%,1/56910,-,+,Cfrm [LP],2023.04.17
299,MT-TH,MELAS-like  encephalopathy+bilateral optic atrophy,C12206T,12206,C,T,tRNA His,95.56%,0/51192,-,+,Reported,
137,MT-TS2,Myopathy / Encephalopathy,G12207A,12207,G,A,tRNA Ser (AGY),77.78%,0/51192,-,+,Reported [VUS],
195,MT-TS2,DEAF helper mutation,C12224T,12224,C,T,tRNA Ser (AGY),100.00%,4/51836,+,-,Reported,
431,MT-TS2,Hearing loss patient,T12235C,12235,T,C,tRNA Ser (AGY),68.89%,222/51836,nr,nr,Reported,
180,MT-TS2,DEAF / PCOS patient,G12236A,12236,G,A,tRNA Ser (AGY),M,<0.0089,+,-,Reported,
499,MT-TS2,MELAS,G12244A,12244,G,A,tRNA Ser (AGY),55.56%,0/65314,-,+,Reported,
89,MT-TS2,CIPO,C12246A,12246,C,A,tRNA Ser (AGY),H,nd,nr,nr,Reported,
90,MT-TS2,DMDF / RP+SNHL,C12258A,12258,C,A,tRNA Ser (AGY),H,1/42616,-,+,Cfrm [LP],2023.03.28
383,MT-TS2,Unspecified patient from clinical lab,C12258T,12258,C,T,tRNA Ser (AGY),93.33%,0/50175,nr,nr,Reported [VUS],
285,MT-TS2,Myopathy+epilepsy+retinal degeneration+DEAF,T12261C,12261,T,C,tRNA Ser (AGY),H,0 / 2704,-,+,Reported,
276,MT-TS2,Progressive MM+Deafness+Seizures,C12262A,12262,C,A,tRNA Ser (AGY),M,0 / 2704,-,+,Reported,
275,MT-TS2,Multisystem Disease with Cataracts / Myopathy+epilepsy+DEAF+atypical autism,C12264T,12264,C,T,tRNA Ser (AGY),.,0 / 2704,+,+,Reported [VUS],
493,MT-TS2,Dilated cardiomyopathy,A12265G,12265,A,G,tRNA Ser (AGY),77.78%,2/62556,+,-,Reported,
477,MT-TS2,Unspecified mitochondrial disease,T12271C,12271,T,C,tRNA Ser (AGY),95.56%,0/61181,nr,nr,Reported [VUS],
159,MT-TL2,CPEO,G12276A,12276,G,A,tRNA Leu (CUN),H,<0.009,-,+,Cfrm [LP],2022.11.30
476,MT-TL2,MODY diabetes mellitus,T12278C,12278,T,C,tRNA Leu (CUN),95.56%,1/61134,-,+,Reported,
408,MT-TL2,Reported in tic disorder patient,A12279G,12279,A,G,tRNA Leu (CUN),91.11%,260/51836,nr,nr,Reported,
360,MT-TL2,Hypertension,A12280G,12280,A,G,tRNA Leu (CUN),42.22%,69/47412,+,-,Reported,
236,MT-TL2,CPEO,G12283A,12283,G,A,tRNA Leu (CUN),100%,1/61134,-,+,Reported [VUS],
341,MT-TL2,Axial mitochondrial myopathy / EXIT+myalgia+ptosis,G12293A,12293,G,A,tRNA Leu (CUN),97.78%,0/51673,-,+,Reported,
101,MT-TL2,CPEO / EXIT+Ophthalmoplegia,G12294A,12294,G,A,tRNA Leu (CUN),H,0/46092,-,+,Cfrm [VUS*],2022.10.24
111,MT-TL2,Dilated Cardiomyopathy / Leigh Syndrome / Failure to Thrive & LA,T12297C,12297,T,C,tRNA Leu (CUN),H,<0.008,+,+,Reported,
139,MT-TL2,MELAS,A12299C,12299,A,C,tRNA Leu (CUN),H,<0.007,-,+,Reported,
152,MT-TL2,3243 suppressor mutant,G12300A,12300,G,A,tRNA Leu (CUN),.,.,-,+,Reported,
91,MT-TL2,CPEO / Stroke / CM / Breast & Renal & Prostate Cancer Risk / Altered brain pH /sCJD,A12308G,12308,A,G,tRNA Leu (CUN),95.56%,6448/51836,+,+,"Reported [B] in hg K,U",
92,MT-TL2,CPEO,T12311C,12311,T,C,tRNA Leu (CUN),M,< 1.1,+,+,Reported,
99,MT-TL2,FSHD,T12313C,12313,T,C,tRNA Leu (CUN),H,<0.00667,-,+,Reported,
93,MT-TL2,"CPEO / KSS / possible carotid atherosclerosis risk, trend toward myocardial infarction risk",G12315A,12315,G,A,tRNA Leu (CUN),97.78%,0/47412,-,+,Cfrm [LP],2022.11.30
165,MT-TL2,CPEO / mitochondrial myopathy,G12316A,12316,G,A,tRNA Leu (CUN),H,0/46092,-,+,Cfrm [VUS*],2023.02.27
300,MT-TL2,CPEO+ptosis+myopathy+exercise intolerance+diabetes,T12317C,12317,T,C,tRNA Leu (CUN),100.00%,1/51192,-,+,Reported,
94,MT-TL2,MM,A12320G,12320,A,G,tRNA Leu (CUN),.,<0.01,-,+,Reported [VUS],
439,MT-TL2,Hearing loss patient,C12325:,12325,C,:,tRNA Leu (CUN),nc,0/51836,nr,nr,Reported [VUS],
442,MT-TL2,CPEO,G12334A,12334,G,A,tRNA Leu (CUN),86.67%,0/51836,-,+,Reported,
384,MT-TL2,Unspecified patient from clinical lab,T12335C,12335,T,C,tRNA Leu (CUN),84.44%,0/50175,nr,nr,Reported,
216,MT-TE,Reversible COX deficiency myopathy,T14674C,14674,T,C,tRNA Glu,L,3 / 2904,+,-,Cfrm [LP],2023.01.23
239,MT-TE,Reversible COX deficiency myopathy,T14674G,14674,T,G,tRNA Glu,L,3 / 2904,+,-,Reported [VUS],
498,MT-TE,CPEO,T14677C,14677,T,C,tRNA Glu,98%,0/62556,-,+,Reported,
190,MT-TE,Mitochondrial encephalomyopathy,C14680A,14680,C,A,tRNA Glu,H,<0.01,-,+,Reported,
327,MT-TE,Cataracts w spastic paraparesis & ataxia,G14685A,14685,G,A,tRNA Glu,M,0/32059,-,+,Reported,
143,MT-TE,Mito myopathy w respiratory failure; intellectual disability,A14687G,14687,A,G,tRNA Glu,H,<0.01,+,-,Reported,
184,MT-TE,LHON helper / Maternally inherited diabetes & deafness /tic disorder,A14692G,14692,A,G,tRNA Glu,H,<0.0189,+,-,Reported [VUS],
142,MT-TE,MELAS / LHON / DEAF / hypertension helper,A14693G,14693,A,G,tRNA Glu,H,< 0.004,+,+,Reported,
145,MT-TE,Progressive Encephalopathy,A14696G,14696,A,G,tRNA Glu,H,< 0.004,-,+,Reported,
465,MT-TE,Reversible infantile respiratory chain deficiency (RIRCD),C14701T,14701,C,T,tRNA Glu,64.44%,0/56910,+,-,Reported,
95,MT-TE,MM+DMDF / Encephalomyopathy / Dementia+diabetes+ophthalmoplegia,T14709C,14709,T,C,tRNA Glu,H,1/32059,+,+,Cfrm [LP],2023.01.23
155,MT-TE,Encephalomyopathy + Retinopathy,G14710A,14710,G,A,tRNA Glu,H,0/32059,-,+,Cfrm [VUS*],2022.12.15
306,MT-TE,Isolated complex I deficiency,G14721A,14721,G,A,tRNA Glu,100.00%,0/51192,-,+,Reported,
234,MT-TE,CPEO + Myopathy,T14723C,14723,T,C,tRNA Glu,H,0 / 2704,-,+,Reported,
141,MT-TE,Mito Leukoencephalopathy,G14724A,14724,G,A,tRNA Glu,H,<0.0033,-,+,Reported [VUS],
317,MT-TE,Late-onset mitochondrial encephalomyopathy,T14728C,14728,T,C,tRNA Glu,H,0/32059,-,+,Reported,
144,MT-TE,EXIT,G14739A,14739,G,A,tRNA Glu,71.11%,0/51192,-,+,Reported [VUS],
356,MT-TT,Gout,G15894A,15894,G,A,tRNA Thr,84.44%,29/47412,+,-,Reported,
443,MT-TT,Maternally inherited diabetes (MID),G15897A,15897,G,A,tRNA Thr,93.33%,0/51836,+,-,Reported,
432,MT-TT,Hearing loss patient,A15901G,15901,A,G,tRNA Thr,97.78%,8/51836,nr,nr,Reported,
433,MT-TT,Hearing loss patient,A15902G,15902,A,G,tRNA Thr,62.22%,9/51836,nr,nr,Reported,
472,MT-TT,Protective factor for stroke risk (hg V),C15904T,15904,C,T,tRNA Thr,.,990/61168,nr,nr,Reported,
182,MT-TT,DEAF helper mutation,T15908C,15908,T,C,tRNA Thr,.,.,+,-,Reported,
361,MT-TT,Hypertension,A15909G,15909,A,G,tRNA Thr,86.67%,7/47412,+,-,Reported,
409,MT-TT,Tic disorder patient / hearing loss patient / coronary heart disease,C15910T,15910,C,T,tRNA Thr,88.89%,27/51836,+,-,Reported,
96,MT-TT,Encephalomyopathy,G15915A,15915,G,A,tRNA Thr,+,<0.006,-,+,Reported [VUS],
97,MT-TT,LIMM / MERRF / mito disease,A15923G,15923,A,G,tRNA Thr,H,0/46092,+,+,Cfrm [LP],2023.06.26
98,MT-TT,LIMM / PCOS patients,A15924G,15924,A,G,tRNA Thr,71.11%,1811/51836,nr,nr,Reported,
435,MT-TT,Hearing loss patient,C15926T,15926,C,T,tRNA Thr,95.56%,10/51836,nr,nr,Reported,
126,MT-TT,LHON / Multiple Sclerosis / DEAF1555 increased penetrance / CHD,G15927A,15927,G,A,tRNA Thr,36%,411/47412,+,-,Reported,
127,MT-TT,Multiple Sclerosis / idiopathic repeat miscarriage / AD protection,G15928A,15928,G,A,tRNA Thr,48.89%,2509/51836,+,+,Reported,
473,MT-TT,Possible DEAF risk factor / PCOS patients,G15930A,15930,G,A,tRNA Thr,13.33%,1313/61118,+,-,Reported,
335,MT-TT,Suspected mito disease,G15933A,15933,G,A,tRNA Thr,95.56%,0/32059,+,-,Reported,
206,MT-TT,Possibly LVNC-associated,T15942C,15942,T,C,tRNA Thr,15.56%,408/51192,+,-,Reported,
264,MT-TT,MM,T15944:,15944,T,:,tRNA Thr,42.22%,755/51192,+,-,Conflicting reports,
410,MT-TT,Reported in tic disorder patient,A15948G,15948,A,G,tRNA Thr,82.22%,2/51836,nr,nr,Reported,
188,MT-TT,LHON / LHON-MS / dopaminergic nerve cell death (PD) / tic disorder,G15950A,15950,G,A,tRNA Thr,88.89%,4/56910,+,+,Reported,
131,MT-TT,LHON / LHON modulator,A15951G,15951,A,G,tRNA Thr,75.56%,409/59389 HFHG,+,-,Conflicting reports,
411,MT-TT,Reported in tic disorder patient,C15952T,15952,C,T,tRNA Thr,91.11%,5/51836,nr,nr,Reported,
390,MT-TP,Severe myopathy / EXIT,A15958T,15958,A,T,tRNA Pro,97.78%,0/51163,-,+,Reported [VUS],
189,MT-TP,Dopaminergic nerve cell death (PD),A15965G,15965,A,G,tRNA Pro,71.11%,9/51192,+,-,Reported,
235,MT-TP,MERRF-like disease,G15967A,15967,G,A,tRNA Pro,L,0/61134,-,+,Reported [VUS],
187,MT-TP,Ataxia+RP+deafness,C15975T,15975,C,T,tRNA Pro,.,0/51836,-,+,Reported,
441,MT-TP,LHON modulator,G15986GG,15986,G,GG,tRNA Pro,.,0/51836,,,Reported,
100,MT-TP,MM / PEO,C15990T,15990,C,T,tRNA Pro,100%,0/51673,-,+,Cfrm [LP],2022.02.13
412,MT-TP,Maternally inherited hypertension / tic disorder patient / hearing loss patient,A15992G,15992,A,G,tRNA Pro,100%,2/51836,nr,nr,Reported,
394,MT-TP,Exercise-induced muscle swelling and fatigue,A15992T,15992,A,T,tRNA Pro,100%,1/51673,+,-,Reported,
117,MT-TP,Mitochondrial cytopathy,G15995A,15995,G,A,tRNA Pro,H,<0.008,-,+,Reported,
437,MT-TP,Hearing loss patient,T15997C,15997,T,C,tRNA Pro,86.67%,0/51836,nr,nr,Reported,
332,MT-TP,Mitochondrial myopathy,A15998T,15998,A,T,tRNA Pro,22%,0/32059,-,+,Reported,
191,MT-TP,Mitochondrial cytopathy,T16002C,16002,T,C,tRNA Pro,100%,0/50175,-,+,Reported [VUS],
333,MT-TP,Mitochondrial myopathy,T16015C,16015,T,C,tRNA Pro,H,0/32059,-,+,Reported,
305,MT-TP,"Dilated cardiomyopathy (15 bp dup), alternate notation",T16018TTCTCTGTTCTTTCAT,16018,T,TTCTCTGTTCTTTCAT,tRNA Pro,68.89%,0/51192,-,+,Reported,
334,MT-TP,Mitochondrial myopathy,16021_16022delCT,16021,CT,:,tRNA Pro,H,0/32059,-,+,Reported,
301,MT-TP,"Migraine /pigmentary retinopathy /deafness /leukoarilosis; seizures / failure to thrive, neutropenia /anemia",G16023A,16023,G,A,tRNA Pro,95.56%,0/61883,-,+,Reported,
302,MT-CR,"Dilated cardiomyopathy (15 bp dup), alternate notation",T16032TTCTCTGTTCTTTCAT,16032,T,TTCTCTGTTCTTTCAT,tRNA Pro / CR,MT-TP dup extends into CR,1/51192,-,+,Reported,
